Datums;ĀI kods;ĀI nosaukums;Kopā;Jauni;Pamata diagnoze;Blakus diagnoze;Smaga slimības gaita;t.sk. Invazīva MPV;Vidēja slimības gaita;Miruši;Izrakstīti;Pārvesti;t.sk. uz augstāka līmeņa;t.sk. uz zemāka līmeņa;t.sk. uz tāda paša līmeņa
2023-02-01T00:00:00;320200001-01;Aizkraukles slimnīca;0;0;0;0;0;0;0;0;0;0;0;0;0
2023-02-01T00:00:00;360200027-01;Alūksnes slimnīca;1;;;1;;;;;0;;;;
2023-02-01T00:00:00;400200024-01;Bauskas slimnīca;0;0;;0;;;;0;0;;;;
2023-02-01T00:00:00;010011804-01;Bērnu klīniskā universitātes slimnīca;2;0;2;0;0;;2;;1;;;;
2023-02-01T00:00:00;050012101-01;Daugavpils psihoneiroloģiskā slimnīca;2;0;0;2;0;0;0;0;0;0;0;0;0
2023-02-01T00:00:00;050020401-01;Daugavpils reģionālā slimnīca;26;3;16;10;0;0;16;0;;;;;
2023-02-01T00:00:00;460200036-01;Dobeles un apkārtnes slimnīca;0;0;0;0;0;0;0;0;0;0;0;0;0
2023-02-01T00:00:00;110000048-01;Jēkabpils reģionālā slimnīca;5;1;3;2;0;0;3;0;0;0;;;0
2023-02-01T00:00:00;090020301-01;Jelgavas pilsētas slimnīca;3;0;0;3;0;0;0;0;0;0;0;0;0
2023-02-01T00:00:00;130020302-01;Jūrmalas slimnīca;0;;;;;;;;;;;;
2023-02-01T00:00:00;170020401-01;Liepājas reģionālā slimnīca;9;0;2;7;0;0;2;1;5;0;0;0;0
2023-02-01T00:00:00;660200027-01;Limbažu slimnīca;4;1;0;4;0;0;0;0;;;;;
2023-02-01T00:00:00;761200001-01;Līvānu slimnīca;0;0;0;0;0;0;0;0;0;0;0;0;0
2023-02-01T00:00:00;010011803-01;Paula Stradiņa klīniskā universitātes slimnīca;30;4;8;22;2;0;6;0;1;1;0;1;0
2023-02-01T00:00:00;170010601-01;Piejūras slimnīca;0;0;;0;;;;;0;;;;
2023-02-01T00:00:00;010000234-91;RAKUS kopā;60;6;20;40;2;;18;1;6;;;;
2023-02-01T00:00:00;210020301-01;Rēzeknes slimnīca;8;0;7;1;0;0;7;0;1;0;0;0;0
2023-02-01T00:00:00;010020302-01;Rīgas 2. slimnīca;0;0;;0;;;;;3;;;;
2023-02-01T00:00:00;010021301-01;Rīgas Dzemdību nams;0;0;;0;;;;;1;;;;
2023-02-01T00:00:00;010012202-01;Rīgas psihiatrijas un narkoloģijas centrs;0;0;0;0;0;0;0;0;1;0;0;0;0
2023-02-01T00:00:00;941800004-01;Strenču psihoneiroloģiskā slimnīca;14;;;14;;;;;1;;;;
2023-02-01T00:00:00;010011401-01;Traumatoloģijas un ortopēdijas slimnīca;2;1;0;2;0;0;0;0;0;0;0;0;0
2023-02-01T00:00:00;900200046-01;Tukuma slimnīca;2;;2;;;;2;;;;;;
2023-02-01T00:00:00;250000092-01;Vidzemes slimnīca;18;2;6;12;0;0;6;1;5;0;0;0;0
2023-02-01T00:00:00;270020302-01;Ziemeļkurzemes reģionālā slimnīca, Ventspils;8;;8;;;;8;;1;;;;
2023-02-02T00:00:00;320200001-01;Aizkraukles slimnīca;0;0;0;0;0;0;0;0;0;0;0;0;0
2023-02-02T00:00:00;360200027-01;Alūksnes slimnīca;0;;;0;;;;;1;;;;
2023-02-02T00:00:00;400200024-01;Bauskas slimnīca;0;0;;0;;;;0;0;;;;
2023-02-02T00:00:00;010011804-01;Bērnu klīniskā universitātes slimnīca;1;1;1;0;0;;1;;2;;;;
2023-02-02T00:00:00;050012101-01;Daugavpils psihoneiroloģiskā slimnīca;1;0;0;1;0;0;0;0;0;1;1;0;0
2023-02-02T00:00:00;050020401-01;Daugavpils reģionālā slimnīca;27;4;20;7;0;0;20;0;4;;;;
2023-02-02T00:00:00;460200036-01;Dobeles un apkārtnes slimnīca;0;0;0;0;0;0;0;0;0;0;0;0;0
2023-02-02T00:00:00;110000048-01;Jēkabpils reģionālā slimnīca;4;0;2;2;0;0;2;0;1;0;;;0
2023-02-02T00:00:00;090020301-01;Jelgavas pilsētas slimnīca;2;1;0;2;0;0;0;0;2;0;0;0;0
2023-02-02T00:00:00;130020302-01;Jūrmalas slimnīca;0;;;;;;;;;;;;
2023-02-02T00:00:00;170020401-01;Liepājas reģionālā slimnīca;8;0;2;6;0;0;2;0;1;0;0;0;0
2023-02-02T00:00:00;660200027-01;Limbažu slimnīca;4;;0;4;0;0;0;0;;;;;
2023-02-02T00:00:00;761200001-01;Līvānu slimnīca;0;0;0;0;0;0;0;0;0;0;0;0;0
2023-02-02T00:00:00;010011803-01;Paula Stradiņa klīniskā universitātes slimnīca;33;4;7;26;2;0;5;0;1;0;0;0;0
2023-02-02T00:00:00;170010601-01;Piejūras slimnīca;0;0;;0;;;;;0;;;;
2023-02-02T00:00:00;010000234-91;RAKUS kopā;61;4;18;43;2;;16;;3;;;;
2023-02-02T00:00:00;210020301-01;Rēzeknes slimnīca;7;0;6;1;0;0;6;0;1;0;0;0;0
2023-02-02T00:00:00;010020302-01;Rīgas 2. slimnīca;0;0;;0;;;;;3;;;;
2023-02-02T00:00:00;010021301-01;Rīgas Dzemdību nams;0;0;;0;;;;;0;;;;
2023-02-02T00:00:00;010012202-01;Rīgas psihiatrijas un narkoloģijas centrs;1;1;0;1;0;0;0;0;0;0;0;0;0
2023-02-02T00:00:00;801400002-01;Saulkrastu veselības un sociālās aprūpes centrs;0;0;0;0;0;0;0;0;0;0;0;0;0
2023-02-02T00:00:00;801600003-01;Siguldas slimnīca;0;0;0;0;0;0;0;0;0;0;0;0;0
2023-02-02T00:00:00;941800004-01;Strenču psihoneiroloģiskā slimnīca;14;;;14;;;;;1;;;;
2023-02-02T00:00:00;010011401-01;Traumatoloģijas un ortopēdijas slimnīca;1;0;0;1;0;0;0;0;1;0;0;0;0
2023-02-02T00:00:00;900200046-01;Tukuma slimnīca;2;;2;;;;2;;;;;;
2023-02-02T00:00:00;250000092-01;Vidzemes slimnīca;16;1;5;11;0;0;5;0;4;0;0;0;0
2023-02-02T00:00:00;270020302-01;Ziemeļkurzemes reģionālā slimnīca, Ventspils;4;;4;;;;4;1;3;;;;
2023-02-03T00:00:00;320200001-01;Aizkraukles slimnīca;0;0;0;0;0;0;0;0;0;0;0;0;0
2023-02-03T00:00:00;360200027-01;Alūksnes slimnīca;0;;;0;;;;;0;;;;
2023-02-03T00:00:00;400200024-01;Bauskas slimnīca;0;0;;0;;;;0;0;;;;
2023-02-03T00:00:00;010011804-01;Bērnu klīniskā universitātes slimnīca;1;1;1;0;0;;1;;1;;;;
2023-02-03T00:00:00;050012101-01;Daugavpils psihoneiroloģiskā slimnīca;1;0;0;1;0;0;0;0;0;0;0;0;0
2023-02-03T00:00:00;050012101-02;Daugavpils psihoneiroloģiskās slimnīcas Aknīstes slimnīca;5;;;5;;;;;;;;;
2023-02-03T00:00:00;050020401-01;Daugavpils reģionālā slimnīca;23;0;19;4;0;0;19;2;2;;;;
2023-02-03T00:00:00;460200036-01;Dobeles un apkārtnes slimnīca;0;0;0;0;0;0;0;0;0;0;0;0;0
2023-02-03T00:00:00;110000048-01;Jēkabpils reģionālā slimnīca;4;0;2;2;0;0;2;0;0;0;;;0
2023-02-03T00:00:00;090020301-01;Jelgavas pilsētas slimnīca;2;1;1;1;0;0;1;0;1;0;0;0;0
2023-02-03T00:00:00;130020302-01;Jūrmalas slimnīca;0;;;;;;;;;;;;
2023-02-03T00:00:00;170020401-01;Liepājas reģionālā slimnīca;7;2;0;7;0;0;0;0;3;0;0;0;0
2023-02-03T00:00:00;660200027-01;Limbažu slimnīca;4;;0;4;0;0;0;0;;;;;
2023-02-03T00:00:00;761200001-01;Līvānu slimnīca;0;0;0;0;0;0;0;0;0;0;0;0;0
2023-02-03T00:00:00;010011803-01;Paula Stradiņa klīniskā universitātes slimnīca;32;4;7;25;2;0;5;0;4;1;0;1;0
2023-02-03T00:00:00;170010601-01;Piejūras slimnīca;0;0;;0;;;;;0;;;;
2023-02-03T00:00:00;010000234-91;RAKUS kopā;60;5;19;41;3;1;16;1;3;2;;2;
2023-02-03T00:00:00;210020301-01;Rēzeknes slimnīca;5;0;4;1;0;0;4;0;2;0;0;0;0
2023-02-03T00:00:00;010020302-01;Rīgas 2. slimnīca;0;0;;0;;;;;3;;;;
2023-02-03T00:00:00;010021301-01;Rīgas Dzemdību nams;0;0;;0;;;;;0;;;;
2023-02-03T00:00:00;010012202-01;Rīgas psihiatrijas un narkoloģijas centrs;1;1;0;1;0;0;0;0;1;0;0;0;0
2023-02-03T00:00:00;801400002-01;Saulkrastu veselības un sociālās aprūpes centrs;0;0;0;0;0;0;0;0;0;0;0;0;0
2023-02-03T00:00:00;801600003-01;Siguldas slimnīca;0;0;0;0;0;0;0;0;0;0;0;0;0
2023-02-03T00:00:00;941800004-01;Strenču psihoneiroloģiskā slimnīca;5;1;;5;;;;;10;;;;
2023-02-03T00:00:00;010011401-01;Traumatoloģijas un ortopēdijas slimnīca;0;0;0;0;0;0;0;0;0;0;0;0;0
2023-02-03T00:00:00;250000092-01;Vidzemes slimnīca;12;1;5;7;0;0;5;0;2;3;0;3;
2023-02-03T00:00:00;270020302-01;Ziemeļkurzemes reģionālā slimnīca, Ventspils;4;;4;;;;4;1;3;;;;
2023-02-04T00:00:00;320200001-01;Aizkraukles slimnīca;0;0;0;0;0;0;0;0;0;0;0;0;0
2023-02-04T00:00:00;360200027-01;Alūksnes slimnīca;0;;;0;;;;;0;;;;
2023-02-04T00:00:00;400200024-01;Bauskas slimnīca;0;0;;0;;;;0;0;;;;
2023-02-04T00:00:00;010011804-01;Bērnu klīniskā universitātes slimnīca;2;1;2;0;0;;2;;0;;;;
2023-02-04T00:00:00;460200036-01;Dobeles un apkārtnes slimnīca;0;0;0;0;0;0;0;0;0;0;0;0;0
2023-02-04T00:00:00;110000048-01;Jēkabpils reģionālā slimnīca;4;0;2;2;0;0;2;0;0;0;;;0
2023-02-04T00:00:00;090020301-01;Jelgavas pilsētas slimnīca;3;1;2;1;0;0;2;0;0;0;0;0;0
2023-02-04T00:00:00;170020401-01;Liepājas reģionālā slimnīca;7;1;0;7;0;0;0;0;1;0;0;0;0
2023-02-04T00:00:00;761200001-01;Līvānu slimnīca;0;0;0;0;0;0;0;0;0;0;0;0;0
2023-02-04T00:00:00;010011803-01;Paula Stradiņa klīniskā universitātes slimnīca;34;2;7;27;2;0;5;0;0;0;0;0;0
2023-02-04T00:00:00;010000234-91;RAKUS kopā;50;3;15;35;2;;13;1;10;;;;
2023-02-04T00:00:00;210020301-01;Rēzeknes slimnīca;0;0;0;0;0;0;0;0;5;0;0;0;0
2023-02-04T00:00:00;010020302-01;Rīgas 2. slimnīca;0;0;;0;;;;;3;;;;
2023-02-04T00:00:00;010021301-01;Rīgas Dzemdību nams;0;0;;0;;;;;0;;;;
2023-02-04T00:00:00;010012202-01;Rīgas psihiatrijas un narkoloģijas centrs;1;0;0;1;0;0;0;0;0;0;0;0;0
2023-02-04T00:00:00;941800004-01;Strenču psihoneiroloģiskā slimnīca;5;;;5;;;;;;;;;
2023-02-04T00:00:00;900200046-01;Tukuma slimnīca;2;;2;;;;2;;;;;;
2023-02-04T00:00:00;250000092-01;Vidzemes slimnīca;8;1;3;5;0;0;3;0;4;0;0;0;0
2023-02-04T00:00:00;270020302-01;Ziemeļkurzemes reģionālā slimnīca, Ventspils;4;;4;;;;4;1;3;;;;
2023-02-05T00:00:00;320200001-01;Aizkraukles slimnīca;0;0;0;0;0;0;0;0;0;0;0;0;0
2023-02-05T00:00:00;360200027-01;Alūksnes slimnīca;0;;;0;;;;;0;;;;
2023-02-05T00:00:00;400200024-01;Bauskas slimnīca;0;0;;0;;;;0;0;;;;
2023-02-05T00:00:00;010011804-01;Bērnu klīniskā universitātes slimnīca;3;2;3;0;0;;3;;1;;;;
2023-02-05T00:00:00;460200036-01;Dobeles un apkārtnes slimnīca;0;0;0;0;0;0;0;0;0;0;0;0;0
2023-02-05T00:00:00;110000048-01;Jēkabpils reģionālā slimnīca;3;0;2;1;0;0;2;1;0;0;;;0
2023-02-05T00:00:00;090020301-01;Jelgavas pilsētas slimnīca;3;0;2;1;0;0;2;0;0;0;0;0;0
2023-02-05T00:00:00;170020401-01;Liepājas reģionālā slimnīca;7;;0;7;0;0;0;0;;0;0;0;0
2023-02-05T00:00:00;761200001-01;Līvānu slimnīca;0;0;0;0;0;0;0;0;0;0;0;0;0
2023-02-05T00:00:00;010011803-01;Paula Stradiņa klīniskā universitātes slimnīca;34;3;7;27;2;0;5;0;3;0;0;0;0
2023-02-05T00:00:00;010000234-91;RAKUS kopā;51;2;16;35;2;;14;;1;;;;
2023-02-05T00:00:00;210020301-01;Rēzeknes slimnīca;3;3;2;1;0;0;2;0;0;0;0;0;0
2023-02-05T00:00:00;010020302-01;Rīgas 2. slimnīca;0;0;;0;;;;;3;;;;
2023-02-05T00:00:00;010021301-01;Rīgas Dzemdību nams;0;0;;0;;;;;0;;;;
2023-02-05T00:00:00;010012202-01;Rīgas psihiatrijas un narkoloģijas centrs;2;1;0;2;0;0;0;0;0;0;0;0;0
2023-02-05T00:00:00;941800004-01;Strenču psihoneiroloģiskā slimnīca;5;;;5;;;;;;;;;
2023-02-05T00:00:00;250000092-01;Vidzemes slimnīca;8;0;3;5;0;0;3;0;0;0;0;0;0
2023-02-05T00:00:00;270020302-01;Ziemeļkurzemes reģionālā slimnīca, Ventspils;4;;4;;;;4;1;3;;;;
2023-02-06T00:00:00;320200001-01;Aizkraukles slimnīca;0;0;0;0;0;0;0;0;0;0;0;0;0
2023-02-06T00:00:00;360200027-01;Alūksnes slimnīca;0;;;0;;;;;0;;;;
2023-02-06T00:00:00;400200024-01;Bauskas slimnīca;0;0;;0;;;;0;0;;;;
2023-02-06T00:00:00;010011804-01;Bērnu klīniskā universitātes slimnīca;4;1;3;1;0;;3;;0;;;;
2023-02-06T00:00:00;050012101-01;Daugavpils psihoneiroloģiskā slimnīca;0;0;0;0;0;0;0;0;1;0;0;0;0
2023-02-06T00:00:00;050012101-02;Daugavpils psihoneiroloģiskās slimnīcas Aknīstes slimnīca;5;;;5;;;;;;;;;
2023-02-06T00:00:00;050020401-01;Daugavpils reģionālā slimnīca;18;2;11;7;;;11;;;;;;
2023-02-06T00:00:00;460200036-01;Dobeles un apkārtnes slimnīca;0;0;0;0;0;0;0;0;0;0;0;0;0
2023-02-06T00:00:00;110000048-01;Jēkabpils reģionālā slimnīca;3;0;2;1;0;0;2;0;0;0;;;0
2023-02-06T00:00:00;090020301-01;Jelgavas pilsētas slimnīca;5;2;4;1;0;0;4;0;0;0;0;0;0
2023-02-06T00:00:00;600200001-01;Krāslavas slimnīca;1;1;;1;;;;;;;;;
2023-02-06T00:00:00;170020401-01;Liepājas reģionālā slimnīca;6;0;0;6;0;0;0;0;1;0;0;0;0
2023-02-06T00:00:00;660200027-01;Limbažu slimnīca;3;;0;3;0;0;0;0;;;;;
2023-02-06T00:00:00;761200001-01;Līvānu slimnīca;0;0;0;0;0;0;0;0;0;0;0;0;0
2023-02-06T00:00:00;010011803-01;Paula Stradiņa klīniskā universitātes slimnīca;35;1;7;28;2;0;5;0;0;0;0;0;0
2023-02-06T00:00:00;170010601-01;Piejūras slimnīca;1;1;;1;;;;;0;;;;
2023-02-06T00:00:00;010000234-91;RAKUS kopā;51;2;18;33;3;2;15;2;;;;;
2023-02-06T00:00:00;210020301-01;Rēzeknes slimnīca;3;0;2;1;0;0;2;0;0;0;0;0;0
2023-02-06T00:00:00;010021301-01;Rīgas Dzemdību nams;0;0;;0;;;;;0;;;;
2023-02-06T00:00:00;010012202-01;Rīgas psihiatrijas un narkoloģijas centrs;8;6;0;8;0;0;0;0;0;0;0;0;0
2023-02-06T00:00:00;801400002-01;Saulkrastu veselības un sociālās aprūpes centrs;0;0;0;0;0;0;0;0;0;0;0;0;0
2023-02-06T00:00:00;801600003-01;Siguldas slimnīca;0;0;0;0;0;0;0;0;0;0;0;0;0
2023-02-06T00:00:00;941800004-01;Strenču psihoneiroloģiskā slimnīca;5;;;5;;;;;;;;;
2023-02-06T00:00:00;010011401-01;Traumatoloģijas un ortopēdijas slimnīca;0;0;0;0;0;0;0;0;0;0;0;0;0
2023-02-06T00:00:00;900200046-01;Tukuma slimnīca;1;;1;;;;1;1;;;;;
2023-02-06T00:00:00;250000092-01;Vidzemes slimnīca;8;0;3;5;0;0;3;0;0;0;0;0;0
2023-02-06T00:00:00;270020302-01;Ziemeļkurzemes reģionālā slimnīca, Ventspils;3;;3;;;;3;;;;;;
2023-02-07T00:00:00;320200001-01;Aizkraukles slimnīca;0;0;0;0;0;0;0;0;0;0;0;0;0
2023-02-07T00:00:00;360200027-01;Alūksnes slimnīca;0;;;0;;;;;0;;;;
2023-02-07T00:00:00;400200024-01;Bauskas slimnīca;0;0;;0;;;;0;0;;;;
2023-02-07T00:00:00;010011804-01;Bērnu klīniskā universitātes slimnīca;3;0;2;1;0;;2;;1;;;;
2023-02-07T00:00:00;050012101-01;Daugavpils psihoneiroloģiskā slimnīca;0;0;0;0;0;0;0;0;0;0;0;0;0
2023-02-07T00:00:00;050012101-02;Daugavpils psihoneiroloģiskās slimnīcas Aknīstes slimnīca;1;1;;1;;;;;;;;;
2023-02-07T00:00:00;050020401-01;Daugavpils reģionālā slimnīca;19;3;12;7;;;12;1;1;;;;
2023-02-07T00:00:00;460200036-01;Dobeles un apkārtnes slimnīca;1;1;1;0;0;0;1;0;0;0;0;0;0
2023-02-07T00:00:00;110000048-01;Jēkabpils reģionālā slimnīca;3;0;2;1;0;0;2;0;0;0;;;0
2023-02-07T00:00:00;090020301-01;Jelgavas pilsētas slimnīca;8;4;4;4;0;0;4;0;1;0;0;0;0
2023-02-07T00:00:00;130020302-01;Jūrmalas slimnīca;0;;;;;;;;;;;;
2023-02-07T00:00:00;600200001-01;Krāslavas slimnīca;1;;;1;;;;;;;;;
2023-02-07T00:00:00;170020401-01;Liepājas reģionālā slimnīca;3;1;0;3;0;0;0;0;4;0;0;0;0
2023-02-07T00:00:00;660200027-01;Limbažu slimnīca;1;;0;1;0;0;0;0;;;;;
2023-02-07T00:00:00;761200001-01;Līvānu slimnīca;0;0;0;0;0;0;0;0;0;0;0;0;0
2023-02-07T00:00:00;010011803-01;Paula Stradiņa klīniskā universitātes slimnīca;35;5;5;30;1;0;4;0;4;1;0;1;0
2023-02-07T00:00:00;170010601-01;Piejūras slimnīca;1;0;;1;;;;;0;;;;
2023-02-07T00:00:00;010000234-91;RAKUS kopā;55;8;20;35;2;;18;1;3;;;;
2023-02-07T00:00:00;210020301-01;Rēzeknes slimnīca;4;1;3;1;0;0;3;0;0;0;0;0;0
2023-02-07T00:00:00;010021301-01;Rīgas Dzemdību nams;1;1;;1;;;;;0;;;;
2023-02-07T00:00:00;010012202-01;Rīgas psihiatrijas un narkoloģijas centrs;11;3;0;11;0;0;0;0;0;0;0;0;0
2023-02-07T00:00:00;801400002-01;Saulkrastu veselības un sociālās aprūpes centrs;0;0;0;0;0;0;0;0;0;0;0;0;0
2023-02-07T00:00:00;941800004-01;Strenču psihoneiroloģiskā slimnīca;1;;;1;;;;;4;;;;
2023-02-07T00:00:00;010011401-01;Traumatoloģijas un ortopēdijas slimnīca;0;0;0;0;0;0;0;0;0;0;0;0;0
2023-02-07T00:00:00;900200046-01;Tukuma slimnīca;1;;1;;;;1;;;;;;
2023-02-07T00:00:00;250000092-01;Vidzemes slimnīca;7;0;2;5;0;0;2;0;1;0;0;0;0
2023-02-07T00:00:00;270020302-01;Ziemeļkurzemes reģionālā slimnīca, Ventspils;3;;3;;;;3;;;;;;
2023-02-08T00:00:00;320200001-01;Aizkraukles slimnīca;0;0;0;0;0;0;0;0;0;0;0;0;0
2023-02-08T00:00:00;360200027-01;Alūksnes slimnīca;0;;;0;;;;;0;;;;
2023-02-08T00:00:00;400200024-01;Bauskas slimnīca;0;0;;0;;;;0;0;;;;
2023-02-08T00:00:00;010011804-01;Bērnu klīniskā universitātes slimnīca;4;3;3;1;0;;3;;2;;;;
2023-02-08T00:00:00;050012101-01;Daugavpils psihoneiroloģiskā slimnīca;0;0;0;0;0;0;0;0;0;0;0;0;0
2023-02-08T00:00:00;050020401-01;Daugavpils reģionālā slimnīca;18;2;13;5;;;13;;3;;;;
2023-02-08T00:00:00;460200036-01;Dobeles un apkārtnes slimnīca;2;1;2;0;0;0;2;0;0;0;0;0;0
2023-02-08T00:00:00;110000048-01;Jēkabpils reģionālā slimnīca;2;0;1;1;0;0;1;0;1;0;;;0
2023-02-08T00:00:00;090020301-01;Jelgavas pilsētas slimnīca;4;0;1;3;0;0;1;0;4;0;0;0;0
2023-02-08T00:00:00;130020302-01;Jūrmalas slimnīca;0;;;;;;;;;;;;
2023-02-08T00:00:00;600200001-01;Krāslavas slimnīca;1;;;1;;;;;;;;;
2023-02-08T00:00:00;170020401-01;Liepājas reģionālā slimnīca;4;2;1;3;0;0;1;0;1;0;0;0;0
2023-02-08T00:00:00;660200027-01;Limbažu slimnīca;;;0;;0;0;0;0;;;;;
2023-02-08T00:00:00;761200001-01;Līvānu slimnīca;0;0;0;0;0;0;0;0;0;0;0;0;0
2023-02-08T00:00:00;010011803-01;Paula Stradiņa klīniskā universitātes slimnīca;34;3;7;27;1;0;6;1;3;0;0;;0
2023-02-08T00:00:00;170010601-01;Piejūras slimnīca;0;0;;0;;;;;1;;;;
2023-02-08T00:00:00;010000234-91;RAKUS kopā;53;1;18;35;1;;17;;2;1;;1;
2023-02-08T00:00:00;210020301-01;Rēzeknes slimnīca;5;2;4;1;0;0;4;0;1;0;0;0;0
2023-02-08T00:00:00;010021301-01;Rīgas Dzemdību nams;1;0;;1;;;;;0;;;;
2023-02-08T00:00:00;010012202-01;Rīgas psihiatrijas un narkoloģijas centrs;12;1;0;12;0;0;0;0;0;0;0;0;0
2023-02-08T00:00:00;801400002-01;Saulkrastu veselības un sociālās aprūpes centrs;0;0;0;0;0;0;0;0;0;0;0;0;0
2023-02-08T00:00:00;090012101-01;Slimnīca "Ģintermuiža";2;;;2;;;;;;;;;
2023-02-08T00:00:00;941800004-01;Strenču psihoneiroloģiskā slimnīca;1;;;1;;;;;;;;;
2023-02-08T00:00:00;010011401-01;Traumatoloģijas un ortopēdijas slimnīca;0;0;0;0;0;0;0;0;0;0;0;0;0
2023-02-08T00:00:00;900200046-01;Tukuma slimnīca;1;;1;;;;1;;;;;;
2023-02-08T00:00:00;250000092-01;Vidzemes slimnīca;8;3;3;5;0;0;3;1;1;;;;
2023-02-08T00:00:00;270020302-01;Ziemeļkurzemes reģionālā slimnīca, Ventspils;3;1;3;;;;3;1;;;;;
2023-02-09T00:00:00;320200001-01;Aizkraukles slimnīca;0;0;0;0;0;0;0;0;0;0;0;0;0
2023-02-09T00:00:00;360200027-01;Alūksnes slimnīca;0;;;0;;;;;0;;;;
2023-02-09T00:00:00;400200024-01;Bauskas slimnīca;0;0;;0;;;;0;0;;;;
2023-02-09T00:00:00;010011804-01;Bērnu klīniskā universitātes slimnīca;4;2;3;1;0;;3;;2;;;;
2023-02-09T00:00:00;050012101-01;Daugavpils psihoneiroloģiskā slimnīca;0;0;0;0;0;0;0;0;0;0;0;0;0
2023-02-09T00:00:00;050020401-01;Daugavpils reģionālā slimnīca;21;4;13;8;;;13;1;2;;;;
2023-02-09T00:00:00;460200036-01;Dobeles un apkārtnes slimnīca;2;0;2;0;0;0;2;0;0;0;0;0;0
2023-02-09T00:00:00;110000048-01;Jēkabpils reģionālā slimnīca;5;3;4;1;0;0;4;0;;0;;;0
2023-02-09T00:00:00;090020301-01;Jelgavas pilsētas slimnīca;4;0;1;3;0;0;1;0;0;0;0;0;0
2023-02-09T00:00:00;130020302-01;Jūrmalas slimnīca;1;1;1;;;;1;;;;;;
2023-02-09T00:00:00;600200001-01;Krāslavas slimnīca;1;1;;1;;;;;1;;;;
2023-02-09T00:00:00;170020401-01;Liepājas reģionālā slimnīca;5;2;2;3;0;0;2;0;1;0;0;0;0
2023-02-09T00:00:00;660200027-01;Limbažu slimnīca;;;0;;0;0;0;0;;;;;
2023-02-09T00:00:00;761200001-01;Līvānu slimnīca;0;0;0;0;0;0;0;0;0;0;0;0;0
2023-02-09T00:00:00;010011803-01;Paula Stradiņa klīniskā universitātes slimnīca;33;4;7;26;1;0;6;0;3;2;0;2;0
2023-02-09T00:00:00;170010601-01;Piejūras slimnīca;0;0;;0;;;;;0;;;;
2023-02-09T00:00:00;010000234-91;RAKUS kopā;56;4;19;37;1;;18;;;1;;1;
2023-02-09T00:00:00;210020301-01;Rēzeknes slimnīca;5;0;4;1;0;0;4;0;0;0;0;0;0
2023-02-09T00:00:00;010021301-01;Rīgas Dzemdību nams;2;1;;2;;;;;0;;;;
2023-02-09T00:00:00;010012202-01;Rīgas psihiatrijas un narkoloģijas centrs;12;0;0;12;0;0;0;0;0;0;0;0;0
2023-02-09T00:00:00;801400002-01;Saulkrastu veselības un sociālās aprūpes centrs;0;0;0;0;0;0;0;0;0;0;0;0;0
2023-02-09T00:00:00;801600003-01;Siguldas slimnīca;0;0;0;0;0;0;0;0;0;0;0;0;0
2023-02-09T00:00:00;090012101-01;Slimnīca "Ģintermuiža";2;;;2;;;;;;;;;
2023-02-09T00:00:00;941800004-01;Strenču psihoneiroloģiskā slimnīca;0;;;0;;;;;1;;;;
2023-02-09T00:00:00;900200046-01;Tukuma slimnīca;2;1;2;;;;2;;;;;;
2023-02-09T00:00:00;250000092-01;Vidzemes slimnīca;6;0;2;4;0;0;2;0;2;0;0;0;0
2023-02-09T00:00:00;270020302-01;Ziemeļkurzemes reģionālā slimnīca, Ventspils;3;1;3;;;;3;;2;;;;
2023-02-10T00:00:00;320200001-01;Aizkraukles slimnīca;0;0;0;0;0;0;0;0;0;0;0;0;0
2023-02-10T00:00:00;360200027-01;Alūksnes slimnīca;0;;;0;;;;;0;;;;
2023-02-10T00:00:00;400200024-01;Bauskas slimnīca;0;0;;0;;;;0;0;;;;
2023-02-10T00:00:00;010011804-01;Bērnu klīniskā universitātes slimnīca;4;1;3;1;0;;3;;;;;;
2023-02-10T00:00:00;050012101-01;Daugavpils psihoneiroloģiskā slimnīca;0;0;0;0;0;0;0;0;0;0;0;0;0
2023-02-10T00:00:00;050020401-01;Daugavpils reģionālā slimnīca;21;3;12;9;;;12;1;3;;;;
2023-02-10T00:00:00;460200036-01;Dobeles un apkārtnes slimnīca;2;0;2;0;0;0;2;0;0;0;0;0;0
2023-02-10T00:00:00;110000048-01;Jēkabpils reģionālā slimnīca;4;;3;1;0;0;3;0;;1;;1;0
2023-02-10T00:00:00;090020301-01;Jelgavas pilsētas slimnīca;4;0;1;3;0;0;1;0;0;0;0;0;0
2023-02-10T00:00:00;130020302-01;Jūrmalas slimnīca;1;;1;;;;1;;;;;;
2023-02-10T00:00:00;170020401-01;Liepājas reģionālā slimnīca;5;1;1;4;0;0;1;0;1;0;0;0;0
2023-02-10T00:00:00;660200027-01;Limbažu slimnīca;;;0;;0;0;0;0;;;;;
2023-02-10T00:00:00;761200001-01;Līvānu slimnīca;0;0;0;0;0;0;0;0;0;0;0;0;0
2023-02-10T00:00:00;010011803-01;Paula Stradiņa klīniskā universitātes slimnīca;32;2;7;25;1;0;6;0;3;0;0;0;0
2023-02-10T00:00:00;170010601-01;Piejūras slimnīca;0;0;;0;;;;;0;;;;
2023-02-10T00:00:00;010000234-91;RAKUS kopā;57;5;19;38;1;;18;;3;1;;1;
2023-02-10T00:00:00;210020301-01;Rēzeknes slimnīca;6;2;5;1;0;0;5;0;1;0;0;0;0
2023-02-10T00:00:00;010020302-01;Rīgas 2. slimnīca;1;1;;1;;;;;0;;;;
2023-02-10T00:00:00;010021301-01;Rīgas Dzemdību nams;1;1;;1;;;;;2;;;;
2023-02-10T00:00:00;010012202-01;Rīgas psihiatrijas un narkoloģijas centrs;11;0;0;11;0;0;0;0;0;1;1;0;0
2023-02-10T00:00:00;801400002-01;Saulkrastu veselības un sociālās aprūpes centrs;0;0;0;0;0;0;0;0;0;0;0;0;0
2023-02-10T00:00:00;801600003-01;Siguldas slimnīca;0;0;0;0;0;0;0;0;0;0;0;0;0
2023-02-10T00:00:00;090012101-01;Slimnīca "Ģintermuiža";2;;;2;;;;;;;;;
2023-02-10T00:00:00;941800004-01;Strenču psihoneiroloģiskā slimnīca;0;;;0;;;;;;;;;
2023-02-10T00:00:00;010011401-01;Traumatoloģijas un ortopēdijas slimnīca;0;0;0;0;0;0;0;0;0;0;0;0;0
2023-02-10T00:00:00;250000092-01;Vidzemes slimnīca;8;2;2;6;0;0;2;0;0;0;0;0;0
2023-02-10T00:00:00;270020302-01;Ziemeļkurzemes reģionālā slimnīca, Ventspils;3;;3;;;;3;;;;;;
2023-02-11T00:00:00;320200001-01;Aizkraukles slimnīca;0;0;0;0;0;0;0;0;0;0;0;0;0
2023-02-11T00:00:00;360200027-01;Alūksnes slimnīca;0;;;0;;;;;0;;;;
2023-02-11T00:00:00;400200024-01;Bauskas slimnīca;0;0;;0;;;;0;0;;;;
2023-02-11T00:00:00;010011804-01;Bērnu klīniskā universitātes slimnīca;6;3;6;0;0;;6;;1;;;;
2023-02-11T00:00:00;460200036-01;Dobeles un apkārtnes slimnīca;2;0;2;0;0;0;2;0;0;0;0;0;0
2023-02-11T00:00:00;110000048-01;Jēkabpils reģionālā slimnīca;3;;2;1;0;0;2;0;1;0;;;0
2023-02-11T00:00:00;090020301-01;Jelgavas pilsētas slimnīca;4;1;2;2;0;0;2;0;1;0;0;0;0
2023-02-11T00:00:00;170020401-01;Liepājas reģionālā slimnīca;4;1;2;2;0;0;2;0;2;0;0;0;0
2023-02-11T00:00:00;761200001-01;Līvānu slimnīca;0;0;0;0;0;0;0;0;0;0;0;0;0
2023-02-11T00:00:00;010011803-01;Paula Stradiņa klīniskā universitātes slimnīca;27;3;4;23;1;0;3;0;7;1;0;1;0
2023-02-11T00:00:00;010000234-91;RAKUS kopā;49;2;17;32;1;;16;;9;1;;1;
2023-02-11T00:00:00;210020301-01;Rēzeknes slimnīca;6;1;5;1;0;0;5;0;1;0;0;0;0
2023-02-11T00:00:00;010020302-01;Rīgas 2. slimnīca;1;;;1;;;;;0;;;;
2023-02-11T00:00:00;010021301-01;Rīgas Dzemdību nams;1;0;;1;;;;;0;;;;
2023-02-11T00:00:00;010012202-01;Rīgas psihiatrijas un narkoloģijas centrs;10;0;0;10;0;0;0;0;1;0;0;0;0
2023-02-11T00:00:00;090012101-01;Slimnīca "Ģintermuiža";2;;;2;;;;;;;;;
2023-02-11T00:00:00;941800004-01;Strenču psihoneiroloģiskā slimnīca;0;;;0;;;;;;;;;
2023-02-11T00:00:00;900200046-01;Tukuma slimnīca;2;;2;;;;2;;;;;;
2023-02-11T00:00:00;250000092-01;Vidzemes slimnīca;6;1;1;5;0;0;1;0;3;0;0;0;0
2023-02-11T00:00:00;270020302-01;Ziemeļkurzemes reģionālā slimnīca, Ventspils;3;;3;;;;3;;;;;;
2023-02-12T00:00:00;320200001-01;Aizkraukles slimnīca;0;0;0;0;0;0;0;0;0;0;0;0;0
2023-02-12T00:00:00;360200027-01;Alūksnes slimnīca;0;;;0;;;;;0;;;;
2023-02-12T00:00:00;400200024-01;Bauskas slimnīca;0;0;;0;;;;0;0;;;;
2023-02-12T00:00:00;010011804-01;Bērnu klīniskā universitātes slimnīca;5;0;5;0;0;;5;;1;;;;
2023-02-12T00:00:00;460200036-01;Dobeles un apkārtnes slimnīca;2;0;2;0;0;0;2;0;0;0;0;0;0
2023-02-12T00:00:00;110000048-01;Jēkabpils reģionālā slimnīca;3;;2;1;0;0;2;0;;0;;;0
2023-02-12T00:00:00;090020301-01;Jelgavas pilsētas slimnīca;4;1;3;1;0;0;3;0;1;0;0;0;0
2023-02-12T00:00:00;170020401-01;Liepājas reģionālā slimnīca;4;0;2;2;0;0;2;0;0;0;0;0;0
2023-02-12T00:00:00;761200001-01;Līvānu slimnīca;0;0;0;0;0;0;0;0;0;0;0;0;0
2023-02-12T00:00:00;010011803-01;Paula Stradiņa klīniskā universitātes slimnīca;26;2;5;21;1;0;4;0;3;0;0;0;0
2023-02-12T00:00:00;170010601-01;Piejūras slimnīca;0;0;;0;;;;;0;;;;
2023-02-12T00:00:00;010000234-91;RAKUS kopā;52;4;17;35;1;;16;;1;;;;
2023-02-12T00:00:00;210020301-01;Rēzeknes slimnīca;6;0;5;1;0;0;5;0;0;0;0;0;0
2023-02-12T00:00:00;010020302-01;Rīgas 2. slimnīca;1;;;1;;;;;0;;;;
2023-02-12T00:00:00;010021301-01;Rīgas Dzemdību nams;0;0;;0;;;;;1;;;;
2023-02-12T00:00:00;010012202-01;Rīgas psihiatrijas un narkoloģijas centrs;10;0;0;10;0;0;0;0;0;0;0;0;0
2023-02-12T00:00:00;090012101-01;Slimnīca "Ģintermuiža";2;;;2;;;;;;;;;
2023-02-12T00:00:00;900200046-01;Tukuma slimnīca;2;;2;;;;2;;;;;;
2023-02-12T00:00:00;250000092-01;Vidzemes slimnīca;8;2;3;5;0;0;3;0;0;0;0;0;0
2023-02-12T00:00:00;270020302-01;Ziemeļkurzemes reģionālā slimnīca, Ventspils;3;;3;;;;3;;;;;;
2023-02-13T00:00:00;320200001-01;Aizkraukles slimnīca;0;0;0;0;0;0;0;0;0;0;0;0;0
2023-02-13T00:00:00;360200027-01;Alūksnes slimnīca;0;;;0;;;;;0;;;;
2023-02-13T00:00:00;400200024-01;Bauskas slimnīca;0;0;;0;;;;0;0;;;;
2023-02-13T00:00:00;010011804-01;Bērnu klīniskā universitātes slimnīca;5;1;5;0;0;;5;;1;;;;
2023-02-13T00:00:00;050012101-01;Daugavpils psihoneiroloģiskā slimnīca;0;0;0;0;0;0;0;0;0;0;0;0;0
2023-02-13T00:00:00;050020401-01;Daugavpils reģionālā slimnīca;10;3;6;4;;;6;;;;;;
2023-02-13T00:00:00;460200036-01;Dobeles un apkārtnes slimnīca;2;0;2;0;0;0;2;0;0;0;0;0;0
2023-02-13T00:00:00;110000048-01;Jēkabpils reģionālā slimnīca;3;;2;1;0;0;2;0;;0;;;0
2023-02-13T00:00:00;090020301-01;Jelgavas pilsētas slimnīca;6;2;4;2;0;0;4;0;0;0;0;0;0
2023-02-13T00:00:00;130020302-01;Jūrmalas slimnīca;2;1;2;;;;2;;;;;;
2023-02-13T00:00:00;170020401-01;Liepājas reģionālā slimnīca;4;0;2;2;0;0;2;0;0;0;0;0;0
2023-02-13T00:00:00;660200027-01;Limbažu slimnīca;;;0;;0;0;0;0;;;;;
2023-02-13T00:00:00;761200001-01;Līvānu slimnīca;0;0;0;0;0;0;0;0;0;0;0;0;0
2023-02-13T00:00:00;010011803-01;Paula Stradiņa klīniskā universitātes slimnīca;26;0;5;21;1;0;4;0;0;0;0;0;0
2023-02-13T00:00:00;170010601-01;Piejūras slimnīca;0;0;;0;;;;;0;;;;
2023-02-13T00:00:00;010000234-91;RAKUS kopā;55;2;19;36;2;;17;;;;;;
2023-02-13T00:00:00;210020301-01;Rēzeknes slimnīca;8;2;6;2;0;0;6;0;0;0;0;0;0
2023-02-13T00:00:00;010020302-01;Rīgas 2. slimnīca;1;;;1;;;;;0;;;;
2023-02-13T00:00:00;010021301-01;Rīgas Dzemdību nams;1;1;;1;;;;;0;;;;
2023-02-13T00:00:00;010012202-01;Rīgas psihiatrijas un narkoloģijas centrs;10;0;0;10;0;0;0;0;0;0;0;0;0
2023-02-13T00:00:00;801400002-01;Saulkrastu veselības un sociālās aprūpes centrs;0;0;0;0;0;0;0;0;0;0;0;0;0
2023-02-13T00:00:00;801600003-01;Siguldas slimnīca;0;0;0;0;0;0;0;0;0;0;0;0;0
2023-02-13T00:00:00;941800004-01;Strenču psihoneiroloģiskā slimnīca;0;;;0;;;;;;;;;
2023-02-13T00:00:00;010011401-01;Traumatoloģijas un ortopēdijas slimnīca;0;0;0;0;0;0;0;0;0;0;0;0;0
2023-02-13T00:00:00;900200046-01;Tukuma slimnīca;2;;2;;;;2;;;;;;
2023-02-13T00:00:00;250000092-01;Vidzemes slimnīca;10;1;4;6;0;0;4;0;0;0;0;0;0
2023-02-13T00:00:00;270020302-01;Ziemeļkurzemes reģionālā slimnīca, Ventspils;5;;5;;;;5;;;;;;
2023-02-14T00:00:00;320200001-01;Aizkraukles slimnīca;0;0;0;0;0;0;0;0;0;0;0;0;0
2023-02-14T00:00:00;360200027-01;Alūksnes slimnīca;1;1;;1;;;;;0;;;;
2023-02-14T00:00:00;400200024-01;Bauskas slimnīca;0;0;;0;;;;0;0;;;;
2023-02-14T00:00:00;010011804-01;Bērnu klīniskā universitātes slimnīca;3;1;3;0;0;;3;;3;;;;
2023-02-14T00:00:00;050012101-01;Daugavpils psihoneiroloģiskā slimnīca;0;0;0;0;0;0;0;0;0;0;0;0;0
2023-02-14T00:00:00;050012101-02;Daugavpils psihoneiroloģiskās slimnīcas Aknīstes slimnīca;2;;;2;;;;;;;;;
2023-02-14T00:00:00;050020401-01;Daugavpils reģionālā slimnīca;18;4;8;10;;;8;1;1;;;;
2023-02-14T00:00:00;460200036-01;Dobeles un apkārtnes slimnīca;2;0;2;0;0;0;2;0;0;0;0;0;0
2023-02-14T00:00:00;110000048-01;Jēkabpils reģionālā slimnīca;3;;2;1;0;0;2;0;;0;;;0
2023-02-14T00:00:00;090020301-01;Jelgavas pilsētas slimnīca;5;0;4;1;0;0;4;0;1;0;0;0;0
2023-02-14T00:00:00;130020302-01;Jūrmalas slimnīca;2;;2;;;;2;;;;;;
2023-02-14T00:00:00;170020401-01;Liepājas reģionālā slimnīca;2;0;0;2;0;0;0;0;2;0;0;0;0
2023-02-14T00:00:00;660200027-01;Limbažu slimnīca;;;0;;0;0;0;0;;;;;
2023-02-14T00:00:00;761200001-01;Līvānu slimnīca;0;0;0;0;0;0;0;0;0;0;0;0;0
2023-02-14T00:00:00;010011803-01;Paula Stradiņa klīniskā universitātes slimnīca;33;10;9;24;3;0;6;1;1;1;0;1;0
2023-02-14T00:00:00;170010601-01;Piejūras slimnīca;0;0;;0;;;;;0;;;;
2023-02-14T00:00:00;010000234-91;RAKUS kopā;56;8;15;41;2;;13;2;6;;;;
2023-02-14T00:00:00;210020301-01;Rēzeknes slimnīca;7;1;4;3;0;0;4;0;2;0;0;0;0
2023-02-14T00:00:00;010020302-01;Rīgas 2. slimnīca;1;;;1;;;;;0;;;;
2023-02-14T00:00:00;010021301-01;Rīgas Dzemdību nams;2;1;;2;;;;;0;;;;
2023-02-14T00:00:00;010012202-01;Rīgas psihiatrijas un narkoloģijas centrs;3;0;0;3;0;0;0;0;7;0;0;0;0
2023-02-14T00:00:00;941800004-01;Strenču psihoneiroloģiskā slimnīca;1;1;;1;;;;;;;;;
2023-02-14T00:00:00;010011401-01;Traumatoloģijas un ortopēdijas slimnīca;0;0;0;0;0;0;0;0;0;0;0;0;0
2023-02-14T00:00:00;900200046-01;Tukuma slimnīca;1;;1;;;;1;1;;;;;
2023-02-14T00:00:00;250000092-01;Vidzemes slimnīca;10;2;3;7;0;0;3;0;1;0;0;0;0
2023-02-14T00:00:00;270020302-01;Ziemeļkurzemes reģionālā slimnīca, Ventspils;3;;3;;;;3;1;;;;;
2023-02-15T00:00:00;320200001-01;Aizkraukles slimnīca;0;0;0;0;0;0;0;0;0;0;0;0;0
2023-02-15T00:00:00;400200024-01;Bauskas slimnīca;0;0;;0;;;;0;0;;;;
2023-02-15T00:00:00;010011804-01;Bērnu klīniskā universitātes slimnīca;2;1;2;0;0;;2;;2;;;;
2023-02-15T00:00:00;050012101-01;Daugavpils psihoneiroloģiskā slimnīca;0;0;0;0;0;0;0;0;0;0;0;0;0
2023-02-15T00:00:00;050020401-01;Daugavpils reģionālā slimnīca;18;2;9;9;;;9;;2;;;;
2023-02-15T00:00:00;460200036-01;Dobeles un apkārtnes slimnīca;1;0;1;0;0;0;1;0;1;0;0;0;0
2023-02-15T00:00:00;110000048-01;Jēkabpils reģionālā slimnīca;3;1;3;0;0;0;3;0;1;0;;;0
2023-02-15T00:00:00;090020301-01;Jelgavas pilsētas slimnīca;5;1;3;2;0;0;3;0;1;0;0;0;0
2023-02-15T00:00:00;130020302-01;Jūrmalas slimnīca;2;;2;;;;2;;;;;;
2023-02-15T00:00:00;170020401-01;Liepājas reģionālā slimnīca;1;0;0;1;0;0;0;0;1;0;0;0;0
2023-02-15T00:00:00;660200027-01;Limbažu slimnīca;;;0;;0;0;0;0;;;;;
2023-02-15T00:00:00;761200001-01;Līvānu slimnīca;0;0;0;0;0;0;0;0;0;0;0;0;0
2023-02-15T00:00:00;010011803-01;Paula Stradiņa klīniskā universitātes slimnīca;26;1;8;18;2;0;6;0;7;1;0;1;0
2023-02-15T00:00:00;170010601-01;Piejūras slimnīca;0;0;;0;;;;;0;;;;
2023-02-15T00:00:00;010000234-91;RAKUS kopā;57;8;16;41;3;;13;3;4;;;;
2023-02-15T00:00:00;210020301-01;Rēzeknes slimnīca;6;1;3;3;0;0;3;0;2;0;0;0;0
2023-02-15T00:00:00;010020302-01;Rīgas 2. slimnīca;1;;;1;;;;;0;;;;
2023-02-15T00:00:00;010021301-01;Rīgas Dzemdību nams;2;0;;2;;;;;0;;;;
2023-02-15T00:00:00;010012202-01;Rīgas psihiatrijas un narkoloģijas centrs;1;1;0;1;0;0;0;0;3;0;0;0;0
2023-02-15T00:00:00;801400002-01;Saulkrastu veselības un sociālās aprūpes centrs;0;0;0;0;0;0;0;0;0;0;0;0;0
2023-02-15T00:00:00;090012101-01;Slimnīca "Ģintermuiža";4;3;;4;;;;;;;;;
2023-02-15T00:00:00;941800004-01;Strenču psihoneiroloģiskā slimnīca;1;;;1;;;;;;;;;
2023-02-15T00:00:00;010011401-01;Traumatoloģijas un ortopēdijas slimnīca;0;0;0;0;0;0;0;0;0;0;0;0;0
2023-02-15T00:00:00;900200046-01;Tukuma slimnīca;2;1;2;;;;2;;;;;;
2023-02-15T00:00:00;250000092-01;Vidzemes slimnīca;12;3;6;6;0;0;6;0;1;0;0;0;0
2023-02-15T00:00:00;270020302-01;Ziemeļkurzemes reģionālā slimnīca, Ventspils;3;;3;;;;3;;;;;;
2023-02-16T00:00:00;320200001-01;Aizkraukles slimnīca;0;0;0;0;0;0;0;0;0;0;0;0;0
2023-02-16T00:00:00;360200027-01;Alūksnes slimnīca;1;0;;1;;;;;0;;;;
2023-02-16T00:00:00;400200024-01;Bauskas slimnīca;0;0;;0;;;;0;0;;;;
2023-02-16T00:00:00;010011804-01;Bērnu klīniskā universitātes slimnīca;0;0;0;0;0;;0;;2;;;;
2023-02-16T00:00:00;050012101-01;Daugavpils psihoneiroloģiskā slimnīca;0;0;0;0;0;0;0;0;0;0;0;0;0
2023-02-16T00:00:00;050020401-01;Daugavpils reģionālā slimnīca;13;1;7;6;;;7;;1;;;;
2023-02-16T00:00:00;460200036-01;Dobeles un apkārtnes slimnīca;0;0;0;0;0;0;0;0;1;0;0;0;0
2023-02-16T00:00:00;110000048-01;Jēkabpils reģionālā slimnīca;3;;3;0;0;0;3;0;;0;;;0
2023-02-16T00:00:00;090020301-01;Jelgavas pilsētas slimnīca;3;1;2;1;0;0;2;1;2;0;0;0;0
2023-02-16T00:00:00;130020302-01;Jūrmalas slimnīca;2;;2;;;;2;;;;;;
2023-02-16T00:00:00;600200001-01;Krāslavas slimnīca;1;1;;1;;;;;;;;;
2023-02-16T00:00:00;170020401-01;Liepājas reģionālā slimnīca;1;0;0;1;0;0;0;0;0;0;0;0;0
2023-02-16T00:00:00;660200027-01;Limbažu slimnīca;;;0;;0;0;0;0;;;;;
2023-02-16T00:00:00;761200001-01;Līvānu slimnīca;0;0;0;0;0;0;0;0;0;0;0;0;0
2023-02-16T00:00:00;010011803-01;Paula Stradiņa klīniskā universitātes slimnīca;24;1;6;18;2;0;4;0;2;1;0;1;0
2023-02-16T00:00:00;170010601-01;Piejūras slimnīca;0;0;;0;;;;;0;;;;
2023-02-16T00:00:00;010000234-91;RAKUS kopā;51;1;14;37;3;;11;4;3;;;;
2023-02-16T00:00:00;210020301-01;Rēzeknes slimnīca;9;3;5;4;0;0;5;0;0;0;0;0;0
2023-02-16T00:00:00;010020302-01;Rīgas 2. slimnīca;1;1;;1;;;;;0;;;;
2023-02-16T00:00:00;010021301-01;Rīgas Dzemdību nams;3;1;;3;;;;;0;;;;
2023-02-16T00:00:00;010012202-01;Rīgas psihiatrijas un narkoloģijas centrs;2;2;0;2;0;0;0;0;1;0;0;0;0
2023-02-16T00:00:00;801400002-01;Saulkrastu veselības un sociālās aprūpes centrs;0;0;0;0;0;0;0;0;0;0;0;0;0
2023-02-16T00:00:00;801600003-01;Siguldas slimnīca;0;0;0;0;0;0;0;0;0;0;0;0;0
2023-02-16T00:00:00;090012101-01;Slimnīca "Ģintermuiža";4;;;4;;;;;;;;;
2023-02-16T00:00:00;941800004-01;Strenču psihoneiroloģiskā slimnīca;1;;;1;;;;;;;;;
2023-02-16T00:00:00;010011401-01;Traumatoloģijas un ortopēdijas slimnīca;0;0;0;0;0;0;0;0;0;0;0;0;0
2023-02-16T00:00:00;900200046-01;Tukuma slimnīca;2;;2;;;;2;;;;;;
2023-02-16T00:00:00;250000092-01;Vidzemes slimnīca;13;2;6;7;0;0;6;0;0;0;0;0;0
2023-02-16T00:00:00;270020302-01;Ziemeļkurzemes reģionālā slimnīca, Ventspils;4;1;3;1;;;3;;;;;;
2023-02-17T00:00:00;320200001-01;Aizkraukles slimnīca;0;0;0;0;0;0;0;0;0;0;0;0;0
2023-02-17T00:00:00;360200027-01;Alūksnes slimnīca;1;0;;1;;;;;0;;;;
2023-02-17T00:00:00;400200024-01;Bauskas slimnīca;0;0;;0;;;;0;0;;;;
2023-02-17T00:00:00;010011804-01;Bērnu klīniskā universitātes slimnīca;2;2;2;0;0;;2;;0;;;;
2023-02-17T00:00:00;050012101-01;Daugavpils psihoneiroloģiskā slimnīca;0;0;0;0;0;0;0;0;0;0;0;0;0
2023-02-17T00:00:00;050020401-01;Daugavpils reģionālā slimnīca;11;;6;5;;;6;;1;;;;
2023-02-17T00:00:00;460200036-01;Dobeles un apkārtnes slimnīca;0;0;0;0;0;0;0;0;0;0;0;0;0
2023-02-17T00:00:00;110000048-01;Jēkabpils reģionālā slimnīca;1;;1;0;0;0;1;1;1;0;;;0
2023-02-17T00:00:00;090020301-01;Jelgavas pilsētas slimnīca;4;1;2;2;0;0;2;0;0;0;0;0;0
2023-02-17T00:00:00;130020302-01;Jūrmalas slimnīca;1;;1;;;;1;;1;;;;
2023-02-17T00:00:00;600200001-01;Krāslavas slimnīca;;;;;;;;;;1;1;;
2023-02-17T00:00:00;170020401-01;Liepājas reģionālā slimnīca;2;1;1;1;0;0;1;0;0;0;0;0;0
2023-02-17T00:00:00;660200027-01;Limbažu slimnīca;;;0;;0;0;0;0;;;;;
2023-02-17T00:00:00;761200001-01;Līvānu slimnīca;0;0;0;0;0;0;0;0;0;0;0;0;0
2023-02-17T00:00:00;010011803-01;Paula Stradiņa klīniskā universitātes slimnīca;23;1;7;16;2;0;5;0;2;0;0;0;0
2023-02-17T00:00:00;170010601-01;Piejūras slimnīca;0;0;;0;;;;;0;;;;
2023-02-17T00:00:00;010000234-91;RAKUS kopā;51;10;16;35;3;;13;1;7;1;;1;
2023-02-17T00:00:00;210020301-01;Rēzeknes slimnīca;7;1;4;3;1;1;3;1;2;0;0;0;0
2023-02-17T00:00:00;010020302-01;Rīgas 2. slimnīca;2;0;;2;;;;;0;;;;
2023-02-17T00:00:00;010021301-01;Rīgas Dzemdību nams;1;0;;1;;;;;2;;;;
2023-02-17T00:00:00;010012202-01;Rīgas psihiatrijas un narkoloģijas centrs;2;0;0;2;0;0;0;0;0;0;0;0;0
2023-02-17T00:00:00;801400002-01;Saulkrastu veselības un sociālās aprūpes centrs;0;0;0;0;0;0;0;0;0;0;0;0;0
2023-02-17T00:00:00;801600003-01;Siguldas slimnīca;0;0;0;0;0;0;0;0;0;0;0;0;0
2023-02-17T00:00:00;090012101-01;Slimnīca "Ģintermuiža";4;;;4;;;;;;;;;
2023-02-17T00:00:00;941800004-01;Strenču psihoneiroloģiskā slimnīca;1;;;1;;;;;;;;;
2023-02-17T00:00:00;010011401-01;Traumatoloģijas un ortopēdijas slimnīca;0;0;0;0;0;0;0;0;0;0;0;0;0
2023-02-17T00:00:00;900200046-01;Tukuma slimnīca;2;;2;;;;2;;;;;;
2023-02-17T00:00:00;250000092-01;Vidzemes slimnīca;12;2;5;7;0;0;5;0;3;0;0;0;0
2023-02-17T00:00:00;270020302-01;Ziemeļkurzemes reģionālā slimnīca, Ventspils;5;1;3;2;;;3;;;;;;
2023-02-18T00:00:00;320200001-01;Aizkraukles slimnīca;0;0;0;0;0;0;0;0;0;0;0;0;0
2023-02-18T00:00:00;360200027-01;Alūksnes slimnīca;2;1;;2;;;;;0;;;;
2023-02-18T00:00:00;400200024-01;Bauskas slimnīca;0;0;;0;;;;0;0;;;;
2023-02-18T00:00:00;010011804-01;Bērnu klīniskā universitātes slimnīca;2;0;2;0;0;;2;;0;;;;
2023-02-18T00:00:00;460200036-01;Dobeles un apkārtnes slimnīca;0;0;0;0;0;0;0;0;0;0;0;0;0
2023-02-18T00:00:00;110000048-01;Jēkabpils reģionālā slimnīca;1;0;1;0;0;0;1;0;0;0;0;0;0
2023-02-18T00:00:00;090020301-01;Jelgavas pilsētas slimnīca;4;1;1;3;0;0;1;0;0;0;0;0;0
2023-02-18T00:00:00;600200001-01;Krāslavas slimnīca;;;;;;;;;;1;1;;
2023-02-18T00:00:00;170020401-01;Liepājas reģionālā slimnīca;0;0;0;0;0;0;0;0;2;0;0;0;0
2023-02-18T00:00:00;761200001-01;Līvānu slimnīca;0;0;0;0;0;0;0;0;0;0;0;0;0
2023-02-18T00:00:00;010011803-01;Paula Stradiņa klīniskā universitātes slimnīca;24;4;6;18;2;0;4;0;3;0;0;0;0
2023-02-18T00:00:00;170010601-01;Piejūras slimnīca;0;0;;0;;;;;0;;;;
2023-02-18T00:00:00;010000234-91;RAKUS kopā;48;6;16;32;3;;13;1;8;0;;0;
2023-02-18T00:00:00;210020301-01;Rēzeknes slimnīca;6;0;4;2;1;1;3;0;1;0;0;0;0
2023-02-18T00:00:00;010020302-01;Rīgas 2. slimnīca;1;0;;1;;;;;1;;;;
2023-02-18T00:00:00;010021301-01;Rīgas Dzemdību nams;1;0;;1;;;;;0;;;;
2023-02-18T00:00:00;010012202-01;Rīgas psihiatrijas un narkoloģijas centrs;2;0;0;2;0;0;0;0;0;0;0;0;0
2023-02-18T00:00:00;090012101-01;Slimnīca "Ģintermuiža";4;;;4;;;;;;;;;
2023-02-18T00:00:00;941800004-01;Strenču psihoneiroloģiskā slimnīca;1;;;1;;;;;;;;;
2023-02-18T00:00:00;250000092-01;Vidzemes slimnīca;9;0;2;7;0;0;2;0;5;0;0;0;0
2023-02-18T00:00:00;270020302-01;Ziemeļkurzemes reģionālā slimnīca, Ventspils;5;;3;2;;;3;;;;;;
2023-02-19T00:00:00;320200001-01;Aizkraukles slimnīca;0;0;0;0;0;0;0;0;0;0;0;0;0
2023-02-19T00:00:00;360200027-01;Alūksnes slimnīca;2;0;;2;;;;;0;;;;
2023-02-19T00:00:00;400200024-01;Bauskas slimnīca;0;0;;0;;;;0;0;;;;
2023-02-19T00:00:00;010011804-01;Bērnu klīniskā universitātes slimnīca;3;1;3;0;0;;3;;0;;;;
2023-02-19T00:00:00;460200036-01;Dobeles un apkārtnes slimnīca;0;0;0;0;0;0;0;0;0;0;0;0;0
2023-02-19T00:00:00;110000048-01;Jēkabpils reģionālā slimnīca;1;0;1;0;0;0;1;0;0;0;0;0;0
2023-02-19T00:00:00;090020301-01;Jelgavas pilsētas slimnīca;4;0;1;3;0;0;1;0;0;0;0;0;0
2023-02-19T00:00:00;600200001-01;Krāslavas slimnīca;;;;;;;;;;1;1;;
2023-02-19T00:00:00;170020401-01;Liepājas reģionālā slimnīca;1;1;0;1;0;0;0;0;0;0;0;0;0
2023-02-19T00:00:00;761200001-01;Līvānu slimnīca;0;0;0;0;0;0;0;0;0;0;0;0;0
2023-02-19T00:00:00;010011803-01;Paula Stradiņa klīniskā universitātes slimnīca;25;2;7;18;2;0;5;0;1;0;0;0;0
2023-02-19T00:00:00;170010601-01;Piejūras slimnīca;0;0;;0;;;;;0;;;;
2023-02-19T00:00:00;010000234-91;RAKUS kopā;49;5;16;33;3;;13;1;3;0;;0;
2023-02-19T00:00:00;210020301-01;Rēzeknes slimnīca;6;0;4;2;1;1;3;0;0;0;0;0;0
2023-02-19T00:00:00;010020302-01;Rīgas 2. slimnīca;1;0;;1;;;;;;;;;
2023-02-19T00:00:00;010021301-01;Rīgas Dzemdību nams;0;0;;0;;;;;1;;;;
2023-02-19T00:00:00;010012202-01;Rīgas psihiatrijas un narkoloģijas centrs;2;0;0;2;0;0;0;0;0;0;0;0;0
2023-02-19T00:00:00;090012101-01;Slimnīca "Ģintermuiža";4;;;4;;;;;;;;;
2023-02-19T00:00:00;941800004-01;Strenču psihoneiroloģiskā slimnīca;1;;;1;;;;;;;;;
2023-02-19T00:00:00;900200046-01;Tukuma slimnīca;2;;2;;;;2;;;;;;
2023-02-19T00:00:00;250000092-01;Vidzemes slimnīca;9;0;2;7;0;0;2;0;5;0;0;0;0
2023-02-19T00:00:00;270020302-01;Ziemeļkurzemes reģionālā slimnīca, Ventspils;5;;3;2;;;3;;;;;;
2023-02-20T00:00:00;320200001-01;Aizkraukles slimnīca;0;0;0;0;0;0;0;0;0;0;0;0;0
2023-02-20T00:00:00;360200027-01;Alūksnes slimnīca;2;0;;2;;;;;0;;;;
2023-02-20T00:00:00;400200024-01;Bauskas slimnīca;0;0;;0;;;;0;0;;;;
2023-02-20T00:00:00;010011804-01;Bērnu klīniskā universitātes slimnīca;3;1;3;0;0;;3;;1;;;;
2023-02-20T00:00:00;050012101-01;Daugavpils psihoneiroloģiskā slimnīca;1;1;0;1;0;0;0;0;0;0;0;0;0
2023-02-20T00:00:00;050020401-01;Daugavpils reģionālā slimnīca;11;2;3;8;;;3;;;;;;
2023-02-20T00:00:00;460200036-01;Dobeles un apkārtnes slimnīca;0;0;0;0;0;0;0;0;0;0;0;0;0
2023-02-20T00:00:00;110000048-01;Jēkabpils reģionālā slimnīca;1;0;1;0;0;0;1;0;0;0;0;0;0
2023-02-20T00:00:00;090020301-01;Jelgavas pilsētas slimnīca;4;0;1;3;0;0;1;0;0;0;0;0;0
2023-02-20T00:00:00;130020302-01;Jūrmalas slimnīca;2;1;1;1;;;1;;;;;;
2023-02-20T00:00:00;170020401-01;Liepājas reģionālā slimnīca;1;0;0;1;0;0;0;0;0;0;0;0;0
2023-02-20T00:00:00;660200027-01;Limbažu slimnīca;;;0;;0;0;0;0;;;;;
2023-02-20T00:00:00;761200001-01;Līvānu slimnīca;0;0;0;0;0;0;0;0;0;0;0;0;0
2023-02-20T00:00:00;010011803-01;Paula Stradiņa klīniskā universitātes slimnīca;29;4;10;19;2;0;8;0;0;0;0;0;0
2023-02-20T00:00:00;170010601-01;Piejūras slimnīca;0;0;;0;;;;;0;;;;
2023-02-20T00:00:00;010000234-91;RAKUS kopā;54;6;20;34;3;;17;1;0;0;;0;
2023-02-20T00:00:00;210020301-01;Rēzeknes slimnīca;6;0;4;2;1;1;3;0;0;0;0;0;0
2023-02-20T00:00:00;010020302-01;Rīgas 2. slimnīca;1;0;;1;;;;;;;;;
2023-02-20T00:00:00;010021301-01;Rīgas Dzemdību nams;0;0;;0;;;;;0;;;;
2023-02-20T00:00:00;010012202-01;Rīgas psihiatrijas un narkoloģijas centrs;2;0;0;2;0;0;0;0;0;0;0;0;0
2023-02-20T00:00:00;801400002-01;Saulkrastu veselības un sociālās aprūpes centrs;0;0;0;0;0;0;0;0;0;0;0;0;0
2023-02-20T00:00:00;801600003-01;Siguldas slimnīca;0;0;0;0;0;0;0;0;0;0;0;0;0
2023-02-20T00:00:00;090012101-01;Slimnīca "Ģintermuiža";5;;;5;;;;;;;;;
2023-02-20T00:00:00;941800004-01;Strenču psihoneiroloģiskā slimnīca;1;;;1;;;;;;;;;
2023-02-20T00:00:00;010011401-01;Traumatoloģijas un ortopēdijas slimnīca;0;0;0;0;0;0;0;0;0;0;0;0;0
2023-02-20T00:00:00;900200046-01;Tukuma slimnīca;1;;1;;;;1;;1;;;;
2023-02-20T00:00:00;250000092-01;Vidzemes slimnīca;10;2;4;6;0;0;4;0;0;0;0;0;0
2023-02-20T00:00:00;270020302-01;Ziemeļkurzemes reģionālā slimnīca, Ventspils;4;;2;2;;;2;;;;;;
2023-02-21T00:00:00;320200001-01;Aizkraukles slimnīca;1;1;0;1;0;0;0;0;0;0;0;0;0
2023-02-21T00:00:00;360200027-01;Alūksnes slimnīca;2;0;;2;;;;;0;;;;
2023-02-21T00:00:00;400200024-01;Bauskas slimnīca;0;0;;0;;;;0;0;;;;
2023-02-21T00:00:00;010011804-01;Bērnu klīniskā universitātes slimnīca;2;0;2;0;0;;2;;1;;;;
2023-02-21T00:00:00;050012101-01;Daugavpils psihoneiroloģiskā slimnīca;1;0;0;1;0;0;0;0;0;0;0;0;0
2023-02-21T00:00:00;050020401-01;Daugavpils reģionālā slimnīca;7;;3;4;;;3;;;;;;
2023-02-21T00:00:00;460200036-01;Dobeles un apkārtnes slimnīca;0;0;0;0;0;0;0;0;0;0;0;0;0
2023-02-21T00:00:00;110000048-01;Jēkabpils reģionālā slimnīca;1;0;1;0;0;0;1;0;0;0;0;0;0
2023-02-21T00:00:00;090020301-01;Jelgavas pilsētas slimnīca;2;0;0;2;0;0;0;0;2;0;0;0;0
2023-02-21T00:00:00;130020302-01;Jūrmalas slimnīca;1;;1;;;;1;;1;;;;
2023-02-21T00:00:00;170020401-01;Liepājas reģionālā slimnīca;2;1;1;1;0;0;1;0;0;0;0;0;0
2023-02-21T00:00:00;761200001-01;Līvānu slimnīca;0;0;0;0;0;0;0;0;0;0;0;0;0
2023-02-21T00:00:00;010011803-01;Paula Stradiņa klīniskā universitātes slimnīca;28;2;16;12;2;0;14;0;2;1;0;1;0
2023-02-21T00:00:00;170010601-01;Piejūras slimnīca;0;0;;0;;;;;0;;;;
2023-02-21T00:00:00;010000234-91;RAKUS kopā;54;4;21;33;3;;18;0;4;0;;0;
2023-02-21T00:00:00;210020301-01;Rēzeknes slimnīca;5;1;3;2;1;1;2;0;2;0;0;0;0
2023-02-21T00:00:00;010020302-01;Rīgas 2. slimnīca;1;0;;1;;;;;;;;;
2023-02-21T00:00:00;010021301-01;Rīgas Dzemdību nams;0;0;;0;;;;;0;;;;
2023-02-21T00:00:00;010012202-01;Rīgas psihiatrijas un narkoloģijas centrs;5;3;1;4;0;0;1;0;0;0;0;0;0
2023-02-21T00:00:00;801400002-01;Saulkrastu veselības un sociālās aprūpes centrs;0;0;0;0;0;0;0;0;0;0;0;0;0
2023-02-21T00:00:00;090012101-01;Slimnīca "Ģintermuiža";12;8;;12;;;;;;;;;
2023-02-21T00:00:00;941800004-01;Strenču psihoneiroloģiskā slimnīca;0;;;0;;;;;1;;;;
2023-02-21T00:00:00;900200046-01;Tukuma slimnīca;1;;1;;;;1;;;;;;
2023-02-21T00:00:00;250000092-01;Vidzemes slimnīca;10;3;6;4;0;0;6;0;3;0;0;0;0
2023-02-21T00:00:00;270020302-01;Ziemeļkurzemes reģionālā slimnīca, Ventspils;5;1;3;2;;;3;;;;;;
2023-02-22T00:00:00;320200001-01;Aizkraukles slimnīca;1;0;0;1;0;0;0;0;0;0;0;0;0
2023-02-22T00:00:00;360200027-01;Alūksnes slimnīca;1;0;;1;;;;1;0;;;;
2023-02-22T00:00:00;400200024-01;Bauskas slimnīca;0;0;;0;;;;0;0;;;;
2023-02-22T00:00:00;010011804-01;Bērnu klīniskā universitātes slimnīca;2;1;2;0;0;;2;;1;;;;
2023-02-22T00:00:00;050012101-01;Daugavpils psihoneiroloģiskā slimnīca;1;0;0;1;0;0;0;0;0;0;0;0;0
2023-02-22T00:00:00;050020401-01;Daugavpils reģionālā slimnīca;8;;3;5;;;3;;;;;;
2023-02-22T00:00:00;460200036-01;Dobeles un apkārtnes slimnīca;0;0;0;0;0;0;0;0;0;0;0;0;0
2023-02-22T00:00:00;110000048-01;Jēkabpils reģionālā slimnīca;0;0;0;0;0;0;0;0;1;0;0;0;0
2023-02-22T00:00:00;090020301-01;Jelgavas pilsētas slimnīca;4;2;1;3;0;0;1;0;0;0;0;0;0
2023-02-22T00:00:00;130020302-01;Jūrmalas slimnīca;1;;1;;;;1;;;;;;
2023-02-22T00:00:00;170020401-01;Liepājas reģionālā slimnīca;2;0;1;1;0;0;1;0;0;0;0;0;0
2023-02-22T00:00:00;660200027-01;Limbažu slimnīca;;;0;;0;0;0;0;;;;;
2023-02-22T00:00:00;761200001-01;Līvānu slimnīca;0;0;0;0;0;0;0;0;0;0;0;0;0
2023-02-22T00:00:00;010011803-01;Paula Stradiņa klīniskā universitātes slimnīca;35;9;18;17;2;0;16;0;2;0;0;0;0
2023-02-22T00:00:00;170010601-01;Piejūras slimnīca;0;0;;0;;;;;0;;;;
2023-02-22T00:00:00;010000234-91;RAKUS kopā;54;4;22;32;2;;20;1;3;0;;0;
2023-02-22T00:00:00;210020301-01;Rēzeknes slimnīca;5;0;3;2;1;1;2;0;0;0;0;0;0
2023-02-22T00:00:00;010020302-01;Rīgas 2. slimnīca;1;0;;1;;;;;;;;;
2023-02-22T00:00:00;010021301-01;Rīgas Dzemdību nams;0;0;;0;;;;;0;;;;
2023-02-22T00:00:00;010012202-01;Rīgas psihiatrijas un narkoloģijas centrs;4;0;2;2;0;0;2;0;1;0;0;0;0
2023-02-22T00:00:00;801400002-01;Saulkrastu veselības un sociālās aprūpes centrs;0;0;0;0;0;0;0;0;0;0;0;0;0
2023-02-22T00:00:00;090012101-01;Slimnīca "Ģintermuiža";15;5;;15;;;;;;;;;
2023-02-22T00:00:00;941800004-01;Strenču psihoneiroloģiskā slimnīca;0;;;0;;;;;;;;;
2023-02-22T00:00:00;010011401-01;Traumatoloģijas un ortopēdijas slimnīca;0;0;0;0;0;0;0;0;0;0;0;0;0
2023-02-22T00:00:00;900200046-01;Tukuma slimnīca;;;;;;;;;1;;;;
2023-02-22T00:00:00;250000092-01;Vidzemes slimnīca;13;2;7;6;0;0;7;0;1;0;0;0;0
2023-02-22T00:00:00;270020302-01;Ziemeļkurzemes reģionālā slimnīca, Ventspils;4;;2;2;;;2;;;;;;
2023-02-23T00:00:00;320200001-01;Aizkraukles slimnīca;1;0;0;1;0;0;0;0;0;0;0;0;0
2023-02-23T00:00:00;360200027-01;Alūksnes slimnīca;1;0;;1;;;;0;0;;;;
2023-02-23T00:00:00;400200024-01;Bauskas slimnīca;0;0;;0;;;;0;0;;;;
2023-02-23T00:00:00;010011804-01;Bērnu klīniskā universitātes slimnīca;3;1;3;0;0;;3;;0;;;;
2023-02-23T00:00:00;050012101-01;Daugavpils psihoneiroloģiskā slimnīca;1;0;0;1;0;0;0;0;0;0;0;0;0
2023-02-23T00:00:00;050020401-01;Daugavpils reģionālā slimnīca;11;2;5;6;;;5;;;;;;
2023-02-23T00:00:00;460200036-01;Dobeles un apkārtnes slimnīca;0;0;0;0;0;0;0;0;0;0;0;0;0
2023-02-23T00:00:00;090020301-01;Jelgavas pilsētas slimnīca;4;0;1;3;0;0;1;0;0;0;0;0;0
2023-02-23T00:00:00;130020302-01;Jūrmalas slimnīca;1;;1;;;;1;;;;;;
2023-02-23T00:00:00;170020401-01;Liepājas reģionālā slimnīca;2;0;1;1;0;0;1;0;0;0;0;0;0
2023-02-23T00:00:00;660200027-01;Limbažu slimnīca;1;1;0;1;0;0;0;0;;;;;
2023-02-23T00:00:00;761200001-01;Līvānu slimnīca;0;0;0;0;0;0;0;0;0;0;0;0;0
2023-02-23T00:00:00;010011803-01;Paula Stradiņa klīniskā universitātes slimnīca;32;1;19;13;2;1;17;0;3;1;0;1;0
2023-02-23T00:00:00;170010601-01;Piejūras slimnīca;0;0;;0;;;;;0;;;;
2023-02-23T00:00:00;010000234-91;RAKUS kopā;54;2;22;32;2;;20;0;2;0;;0;
2023-02-23T00:00:00;210020301-01;Rēzeknes slimnīca;3;0;1;2;1;1;0;0;2;0;0;0;0
2023-02-23T00:00:00;010020302-01;Rīgas 2. slimnīca;0;0;;0;;;;;1;;;;
2023-02-23T00:00:00;010021301-01;Rīgas Dzemdību nams;0;0;;0;;;;;0;;;;
2023-02-23T00:00:00;010012202-01;Rīgas psihiatrijas un narkoloģijas centrs;4;0;2;2;0;0;2;0;0;0;0;0;0
2023-02-23T00:00:00;801400002-01;Saulkrastu veselības un sociālās aprūpes centrs;0;0;0;0;0;0;0;0;0;0;0;0;0
2023-02-23T00:00:00;801600003-01;Siguldas slimnīca;0;0;0;0;0;0;0;0;0;0;0;0;0
2023-02-23T00:00:00;090012101-01;Slimnīca "Ģintermuiža";15;;;15;;;;;;;;;
2023-02-23T00:00:00;941800004-01;Strenču psihoneiroloģiskā slimnīca;0;;;0;;;;;;;;;
2023-02-23T00:00:00;010011401-01;Traumatoloģijas un ortopēdijas slimnīca;0;0;0;0;0;0;0;0;0;0;0;0;0
2023-02-23T00:00:00;250000092-01;Vidzemes slimnīca;15;4;8;7;0;0;8;0;3;1;0;1;0
2023-02-23T00:00:00;270020302-01;Ziemeļkurzemes reģionālā slimnīca, Ventspils;4;1;3;1;;;3;;;;;;
2023-02-24T00:00:00;320200001-01;Aizkraukles slimnīca;1;0;0;1;0;0;0;0;0;0;0;0;0
2023-02-24T00:00:00;360200027-01;Alūksnes slimnīca;1;0;;1;;;;0;0;;;;
2023-02-24T00:00:00;400200024-01;Bauskas slimnīca;0;0;;0;;;;0;0;;;;
2023-02-24T00:00:00;010011804-01;Bērnu klīniskā universitātes slimnīca;1;0;1;0;0;;1;;2;;;;
2023-02-24T00:00:00;050012101-01;Daugavpils psihoneiroloģiskā slimnīca;0;0;0;0;0;0;0;0;1;0;0;0;0
2023-02-24T00:00:00;050020401-01;Daugavpils reģionālā slimnīca;10;;6;4;;;6;;;;;;
2023-02-24T00:00:00;460200036-01;Dobeles un apkārtnes slimnīca;0;0;0;0;0;0;0;0;0;0;0;0;0
2023-02-24T00:00:00;090020301-01;Jelgavas pilsētas slimnīca;2;0;1;1;0;0;1;0;2;0;0;0;0
2023-02-24T00:00:00;130020302-01;Jūrmalas slimnīca;1;;1;;;;1;;;;;;
2023-02-24T00:00:00;170020401-01;Liepājas reģionālā slimnīca;1;0;1;0;0;0;1;0;1;0;0;0;0
2023-02-24T00:00:00;660200027-01;Limbažu slimnīca;1;;0;1;0;0;0;0;;;;;
2023-02-24T00:00:00;761200001-01;Līvānu slimnīca;0;0;0;0;0;0;0;0;0;0;0;0;0
2023-02-24T00:00:00;010011803-01;Paula Stradiņa klīniskā universitātes slimnīca;32;3;18;14;3;1;15;0;3;0;0;0;0
2023-02-24T00:00:00;170010601-01;Piejūras slimnīca;0;0;;0;;;;;0;;;;
2023-02-24T00:00:00;010000234-91;RAKUS kopā;49;4;22;27;2;;20;1;7;1;;1;
2023-02-24T00:00:00;210020301-01;Rēzeknes slimnīca;3;1;2;1;1;1;1;0;1;0;0;0;0
2023-02-24T00:00:00;010021301-01;Rīgas Dzemdību nams;0;0;;0;;;;;0;;;;
2023-02-24T00:00:00;010012202-01;Rīgas psihiatrijas un narkoloģijas centrs;4;0;2;2;0;0;2;0;0;0;0;0;0
2023-02-24T00:00:00;801400002-01;Saulkrastu veselības un sociālās aprūpes centrs;0;0;0;0;0;0;0;0;0;0;0;0;0
2023-02-24T00:00:00;801600003-01;Siguldas slimnīca;0;0;0;0;0;0;0;0;0;0;0;0;0
2023-02-24T00:00:00;090012101-01;Slimnīca "Ģintermuiža";14;;;14;;;;;;;;;
2023-02-24T00:00:00;941800004-01;Strenču psihoneiroloģiskā slimnīca;0;;;0;;;;;;;;;
2023-02-24T00:00:00;010011401-01;Traumatoloģijas un ortopēdijas slimnīca;0;0;0;0;0;0;0;0;0;0;0;0;0
2023-02-24T00:00:00;900200046-01;Tukuma slimnīca;1;1;1;;;;1;;;;;;
2023-02-24T00:00:00;250000092-01;Vidzemes slimnīca;17;3;9;8;0;0;9;0;0;0;0;0;0
2023-02-24T00:00:00;270020302-01;Ziemeļkurzemes reģionālā slimnīca, Ventspils;4;1;3;1;;;3;;1;;;;
2023-02-25T00:00:00;320200001-01;Aizkraukles slimnīca;0;0;0;0;0;0;0;0;1;0;0;0;0
2023-02-25T00:00:00;360200027-01;Alūksnes slimnīca;1;0;;1;;;;0;0;;;;
2023-02-25T00:00:00;400200024-01;Bauskas slimnīca;0;0;;0;;;;0;0;;;;
2023-02-25T00:00:00;010011804-01;Bērnu klīniskā universitātes slimnīca;1;1;1;0;0;;1;;1;;;;
2023-02-25T00:00:00;460200036-01;Dobeles un apkārtnes slimnīca;0;0;0;0;0;0;0;0;0;0;0;0;0
2023-02-25T00:00:00;090020301-01;Jelgavas pilsētas slimnīca;4;3;1;3;0;0;1;0;1;0;0;0;0
2023-02-25T00:00:00;170020401-01;Liepājas reģionālā slimnīca;1;0;1;0;0;0;1;0;0;0;0;0;0
2023-02-25T00:00:00;761200001-01;Līvānu slimnīca;0;0;0;0;0;0;0;0;0;0;0;0;0
2023-02-25T00:00:00;010011803-01;Paula Stradiņa klīniskā universitātes slimnīca;26;0;14;12;3;1;11;0;6;0;0;0;0
2023-02-25T00:00:00;010000234-91;RAKUS kopā;47;10;19;28;3;;16;3;5;2;;2;
2023-02-25T00:00:00;210020301-01;Rēzeknes slimnīca;2;0;2;0;1;1;1;0;1;0;0;0;0
2023-02-25T00:00:00;010021301-01;Rīgas Dzemdību nams;0;0;;0;;;;;0;;;;
2023-02-25T00:00:00;010012202-01;Rīgas psihiatrijas un narkoloģijas centrs;3;0;2;1;0;0;2;0;1;0;0;0;0
2023-02-25T00:00:00;090012101-01;Slimnīca "Ģintermuiža";14;;;14;;;;;;;;;
2023-02-25T00:00:00;941800004-01;Strenču psihoneiroloģiskā slimnīca;0;;;0;;;;;;;;;
2023-02-25T00:00:00;250000092-01;Vidzemes slimnīca;15;2;8;7;0;0;8;0;5;0;0;0;0
2023-02-25T00:00:00;270020302-01;Ziemeļkurzemes reģionālā slimnīca, Ventspils;4;;3;1;;;3;;;;;;
2023-02-26T00:00:00;320200001-01;Aizkraukles slimnīca;0;0;0;0;0;0;0;0;0;0;0;0;0
2023-02-26T00:00:00;360200027-01;Alūksnes slimnīca;1;0;;1;;;;0;0;;;;
2023-02-26T00:00:00;400200024-01;Bauskas slimnīca;0;0;;0;;;;0;0;;;;
2023-02-26T00:00:00;010011804-01;Bērnu klīniskā universitātes slimnīca;1;0;1;0;0;;1;;0;;;;
2023-02-26T00:00:00;460200036-01;Dobeles un apkārtnes slimnīca;0;0;0;0;0;0;0;0;0;0;0;0;0
2023-02-26T00:00:00;090020301-01;Jelgavas pilsētas slimnīca;4;0;1;3;0;0;1;0;0;0;0;0;0
2023-02-26T00:00:00;170020401-01;Liepājas reģionālā slimnīca;1;0;1;0;0;0;1;0;0;0;0;0;0
2023-02-26T00:00:00;761200001-01;Līvānu slimnīca;0;0;0;0;0;0;0;0;0;0;0;0;0
2023-02-26T00:00:00;010011803-01;Paula Stradiņa klīniskā universitātes slimnīca;29;3;14;15;3;1;11;0;0;0;0;0;0
2023-02-26T00:00:00;010000234-91;RAKUS kopā;47;1;20;27;3;;17;1;0;;;;
2023-02-26T00:00:00;210020301-01;Rēzeknes slimnīca;3;1;2;1;1;1;1;0;0;0;0;0;0
2023-02-26T00:00:00;010021301-01;Rīgas Dzemdību nams;0;0;;0;;;;;0;;;;
2023-02-26T00:00:00;010012202-01;Rīgas psihiatrijas un narkoloģijas centrs;3;0;2;1;0;0;2;0;0;0;0;0;0
2023-02-26T00:00:00;090012101-01;Slimnīca "Ģintermuiža";14;;;14;;;;;;;;;
2023-02-26T00:00:00;941800004-01;Strenču psihoneiroloģiskā slimnīca;0;;;0;;;;;;;;;
2023-02-26T00:00:00;900200046-01;Tukuma slimnīca;1;;1;;;;1;;;;;;
2023-02-26T00:00:00;250000092-01;Vidzemes slimnīca;16;1;8;8;0;0;8;0;5;0;0;0;0
2023-02-26T00:00:00;270020302-01;Ziemeļkurzemes reģionālā slimnīca, Ventspils;4;;3;1;;;3;;;;;;
2023-02-27T00:00:00;320200001-01;Aizkraukles slimnīca;0;0;0;0;0;0;0;0;0;0;0;0;0
2023-02-27T00:00:00;360200027-01;Alūksnes slimnīca;1;0;;1;;;;0;0;;;;
2023-02-27T00:00:00;400200024-01;Bauskas slimnīca;0;0;;0;;;;0;0;;;;
2023-02-27T00:00:00;010011804-01;Bērnu klīniskā universitātes slimnīca;3;3;3;0;0;;3;;1;;;;
2023-02-27T00:00:00;050012101-01;Daugavpils psihoneiroloģiskā slimnīca;0;0;0;0;0;0;0;0;0;0;0;0;0
2023-02-27T00:00:00;050020401-01;Daugavpils reģionālā slimnīca;13;;4;9;;;4;;;;;;
2023-02-27T00:00:00;460200036-01;Dobeles un apkārtnes slimnīca;1;1;1;0;0;0;1;0;0;0;0;0;0
2023-02-27T00:00:00;090020301-01;Jelgavas pilsētas slimnīca;5;1;1;4;0;0;1;0;0;0;0;0;0
2023-02-27T00:00:00;130020302-01;Jūrmalas slimnīca;1;;1;;;;1;;;;;;
2023-02-27T00:00:00;170020401-01;Liepājas reģionālā slimnīca;1;0;1;0;0;0;1;0;0;0;0;0;0
2023-02-27T00:00:00;660200027-01;Limbažu slimnīca;1;;0;1;0;0;0;0;;;;;
2023-02-27T00:00:00;761200001-01;Līvānu slimnīca;0;0;0;0;0;0;0;0;0;0;0;0;0
2023-02-27T00:00:00;010011803-01;Paula Stradiņa klīniskā universitātes slimnīca;33;4;15;18;1;1;14;0;0;0;0;0;0
2023-02-27T00:00:00;170010601-01;Piejūras slimnīca;0;0;;0;;;;;0;;;;
2023-02-27T00:00:00;010000234-91;RAKUS kopā;47;2;20;27;3;;17;2;0;;;;
2023-02-27T00:00:00;210020301-01;Rēzeknes slimnīca;3;0;2;1;1;1;1;0;0;0;0;0;0
2023-02-27T00:00:00;010021301-01;Rīgas Dzemdību nams;0;0;;0;;;;;0;;;;
2023-02-27T00:00:00;010012202-01;Rīgas psihiatrijas un narkoloģijas centrs;3;0;2;1;0;0;2;0;0;0;0;0;0
2023-02-27T00:00:00;801400002-01;Saulkrastu veselības un sociālās aprūpes centrs;0;0;0;0;0;0;0;0;0;0;0;0;0
2023-02-27T00:00:00;801600003-01;Siguldas slimnīca;0;0;0;0;0;0;0;0;0;0;0;0;0
2023-02-27T00:00:00;090012101-01;Slimnīca "Ģintermuiža";13;;;13;;;;;;;;;
2023-02-27T00:00:00;941800004-01;Strenču psihoneiroloģiskā slimnīca;0;;;0;;;;;;;;;
2023-02-27T00:00:00;010011401-01;Traumatoloģijas un ortopēdijas slimnīca;0;0;0;0;0;0;0;0;0;0;0;0;0
2023-02-27T00:00:00;900200046-01;Tukuma slimnīca;1;;1;;;;1;;;;;;
2023-02-27T00:00:00;250000092-01;Vidzemes slimnīca;17;1;8;9;0;0;8;0;0;0;0;0;0
2023-02-27T00:00:00;270020302-01;Ziemeļkurzemes reģionālā slimnīca, Ventspils;2;;2;;;;2;;;;;;
2023-02-28T00:00:00;320200001-01;Aizkraukles slimnīca;0;0;0;0;0;0;0;0;0;0;0;0;0
2023-02-28T00:00:00;360200027-01;Alūksnes slimnīca;1;0;;1;;;;0;0;;;;
2023-02-28T00:00:00;400200024-01;Bauskas slimnīca;0;0;;0;;;;0;0;;;;
2023-02-28T00:00:00;010011804-01;Bērnu klīniskā universitātes slimnīca;3;0;3;0;0;;3;;0;;;;
2023-02-28T00:00:00;050012101-01;Daugavpils psihoneiroloģiskā slimnīca;0;0;0;0;0;0;0;0;0;0;0;0;0
2023-02-28T00:00:00;460200036-01;Dobeles un apkārtnes slimnīca;1;0;1;0;0;0;1;0;0;0;0;0;0
2023-02-28T00:00:00;090020301-01;Jelgavas pilsētas slimnīca;4;1;0;4;0;0;0;0;2;0;0;0;0
2023-02-28T00:00:00;130020302-01;Jūrmalas slimnīca;1;;1;;;;1;;;;;;
2023-02-28T00:00:00;170020401-01;Liepājas reģionālā slimnīca;1;0;1;0;0;0;1;0;0;0;0;0;0
2023-02-28T00:00:00;660200027-01;Limbažu slimnīca;1;;0;1;0;0;0;0;;;;;
2023-02-28T00:00:00;761200001-01;Līvānu slimnīca;0;0;0;0;0;0;0;0;0;0;0;0;0
2023-02-28T00:00:00;010011803-01;Paula Stradiņa klīniskā universitātes slimnīca;36;6;14;22;1;1;13;0;3;0;0;0;0
2023-02-28T00:00:00;170010601-01;Piejūras slimnīca;0;0;;0;;;;;0;;;;
2023-02-28T00:00:00;010000234-91;RAKUS kopā;47;3;22;25;2;;20;1;2;;;;
2023-02-28T00:00:00;210020301-01;Rēzeknes slimnīca;2;0;2;0;0;0;2;0;1;0;0;0;0
2023-02-28T00:00:00;010021301-01;Rīgas Dzemdību nams;1;1;;1;;;;;0;;;;
2023-02-28T00:00:00;010012202-01;Rīgas psihiatrijas un narkoloģijas centrs;3;0;2;1;0;0;2;0;0;0;0;0;0
2023-02-28T00:00:00;801400002-01;Saulkrastu veselības un sociālās aprūpes centrs;0;0;0;0;0;0;0;0;0;0;0;0;0
2023-02-28T00:00:00;090012101-01;Slimnīca "Ģintermuiža";7;;;7;;;;;;;;;
2023-02-28T00:00:00;941800004-01;Strenču psihoneiroloģiskā slimnīca;3;3;;3;;;;;;;;;
2023-02-28T00:00:00;010011401-01;Traumatoloģijas un ortopēdijas slimnīca;0;0;0;0;0;0;0;0;0;0;0;0;0
2023-02-28T00:00:00;900200046-01;Tukuma slimnīca;1;;1;;;;1;;;;;;
2023-02-28T00:00:00;250000092-01;Vidzemes slimnīca;19;3;9;10;0;0;9;0;2;0;0;0;0
2023-02-28T00:00:00;270020302-01;Ziemeļkurzemes reģionālā slimnīca, Ventspils;1;;1;;;;1;1;;;;;
2023-03-01T00:00:00;320200001-01;Aizkraukles slimnīca;0;0;0;0;0;0;0;0;0;0;0;0;0
2023-03-01T00:00:00;360200027-01;Alūksnes slimnīca;0;0;;;;;;0;1;;;;
2023-03-01T00:00:00;400200024-01;Bauskas slimnīca;0;0;;0;;;;0;0;;;;
2023-03-01T00:00:00;010011804-01;Bērnu klīniskā universitātes slimnīca;1;0;1;0;0;;1;;2;;;;
2023-03-01T00:00:00;050012101-01;Daugavpils psihoneiroloģiskā slimnīca;0;0;0;0;0;0;0;0;0;0;0;0;0
2023-03-01T00:00:00;050020401-01;Daugavpils reģionālā slimnīca;14;3;8;6;;;8;;;;;;
2023-03-01T00:00:00;460200036-01;Dobeles un apkārtnes slimnīca;1;0;1;0;0;0;1;0;0;0;0;0;0
2023-03-01T00:00:00;110000048-01;Jēkabpils reģionālā slimnīca;2;2;2;0;0;0;2;0;0;0;0;0;
2023-03-01T00:00:00;090020301-01;Jelgavas pilsētas slimnīca;3;1;0;3;0;0;0;0;2;0;0;0;0
2023-03-01T00:00:00;130020302-01;Jūrmalas slimnīca;1;;1;;;;1;;;;;;
2023-03-01T00:00:00;170020401-01;Liepājas reģionālā slimnīca;1;0;1;0;0;0;1;0;0;0;0;0;0
2023-03-01T00:00:00;660200027-01;Limbažu slimnīca;1;;0;1;0;0;0;0;;;;;
2023-03-01T00:00:00;010011803-01;Paula Stradiņa klīniskā universitātes slimnīca;37;4;15;22;1;1;14;0;3;0;0;0;0
2023-03-01T00:00:00;170010601-01;Piejūras slimnīca;0;0;;0;;;;;0;;;;
2023-03-01T00:00:00;010000234-91;RAKUS kopā;46;7;16;30;1;;15;1;7;;;;
2023-03-01T00:00:00;210020301-01;Rēzeknes slimnīca;1;0;1;0;0;0;1;0;1;0;0;0;0
2023-03-01T00:00:00;010021301-01;Rīgas Dzemdību nams;1;0;;1;;;;;0;;;;
2023-03-01T00:00:00;010012202-01;Rīgas psihiatrijas un narkoloģijas centrs;3;0;2;1;0;0;2;0;0;0;0;0;0
2023-03-01T00:00:00;801400002-01;Saulkrastu veselības un sociālās aprūpes centrs;0;0;0;0;0;0;0;0;0;0;0;0;0
2023-03-01T00:00:00;090012101-01;Slimnīca "Ģintermuiža";7;;;7;;;;;;;;;
2023-03-01T00:00:00;941800004-01;Strenču psihoneiroloģiskā slimnīca;4;1;;4;;;;;;;;;
2023-03-01T00:00:00;900200046-01;Tukuma slimnīca;2;1;2;;;;2;;;;;;
2023-03-01T00:00:00;250000092-01;Vidzemes slimnīca;16;1;9;7;0;0;9;0;2;0;0;0;0
2023-03-01T00:00:00;270020302-01;Ziemeļkurzemes reģionālā slimnīca, Ventspils;1;;1;;;;1;;;;;;
2023-03-02T00:00:00;320200001-01;Aizkraukles slimnīca;0;0;0;0;0;0;0;0;0;0;0;0;0
2023-03-02T00:00:00;360200027-01;Alūksnes slimnīca;0;0;;;;;;0;1;;;;
2023-03-02T00:00:00;400200024-01;Bauskas slimnīca;0;0;;0;;;;0;0;;;;
2023-03-02T00:00:00;010011804-01;Bērnu klīniskā universitātes slimnīca;3;2;3;0;0;;3;;0;;;;
2023-03-02T00:00:00;050012101-01;Daugavpils psihoneiroloģiskā slimnīca;1;1;0;1;0;0;0;0;0;0;0;0;0
2023-03-02T00:00:00;050020401-01;Daugavpils reģionālā slimnīca;12;1;6;6;;;6;;;;;;
2023-03-02T00:00:00;460200036-01;Dobeles un apkārtnes slimnīca;1;1;0;1;0;0;0;0;1;0;0;0;0
2023-03-02T00:00:00;110000048-01;Jēkabpils reģionālā slimnīca;2;0;2;0;0;0;2;0;0;0;0;0;
2023-03-02T00:00:00;090020301-01;Jelgavas pilsētas slimnīca;4;1;0;4;0;0;0;0;0;0;0;0;0
2023-03-02T00:00:00;130020302-01;Jūrmalas slimnīca;;;;;;;;;1;;;;
2023-03-02T00:00:00;170020401-01;Liepājas reģionālā slimnīca;1;1;1;0;0;0;1;0;1;0;0;0;0
2023-03-02T00:00:00;660200027-01;Limbažu slimnīca;;;0;;0;0;0;0;;;;;
2023-03-02T00:00:00;761200001-01;Līvānu slimnīca;0;0;0;0;0;0;0;0;0;0;0;0;0
2023-03-02T00:00:00;010011803-01;Paula Stradiņa klīniskā universitātes slimnīca;37;6;14;23;1;1;13;2;3;1;0;1;0
2023-03-02T00:00:00;170010601-01;Piejūras slimnīca;0;0;;0;;;;;0;;;;
2023-03-02T00:00:00;010000234-91;RAKUS kopā;46;3;15;31;1;;14;;3;;;;
2023-03-02T00:00:00;210020301-01;Rēzeknes slimnīca;3;2;3;0;0;0;3;0;0;0;0;0;0
2023-03-02T00:00:00;010021301-01;Rīgas Dzemdību nams;0;0;;0;;;;;1;;;;
2023-03-02T00:00:00;010012202-01;Rīgas psihiatrijas un narkoloģijas centrs;0;0;0;0;0;0;0;0;3;0;0;0;0
2023-03-02T00:00:00;801400002-01;Saulkrastu veselības un sociālās aprūpes centrs;0;0;0;0;0;0;0;0;0;0;0;0;0
2023-03-02T00:00:00;801600003-01;Siguldas slimnīca;0;0;0;0;0;0;0;0;0;0;0;0;0
2023-03-02T00:00:00;090012101-01;Slimnīca "Ģintermuiža";2;;;2;;;;;;;;;
2023-03-02T00:00:00;941800004-01;Strenču psihoneiroloģiskā slimnīca;8;4;;8;;;;;;;;;
2023-03-02T00:00:00;900200046-01;Tukuma slimnīca;3;1;3;;;;3;;;;;;
2023-03-02T00:00:00;250000092-01;Vidzemes slimnīca;16;1;9;7;0;0;9;0;0;1;1;0;0
2023-03-02T00:00:00;270020302-01;Ziemeļkurzemes reģionālā slimnīca, Ventspils;1;;1;;;;1;;;;;;
2023-03-03T00:00:00;320200001-01;Aizkraukles slimnīca;0;0;0;0;0;0;0;0;0;0;0;0;0
2023-03-03T00:00:00;360200027-01;Alūksnes slimnīca;0;0;;;;;;0;1;;;;
2023-03-03T00:00:00;400200024-01;Bauskas slimnīca;0;0;;0;;;;0;0;;;;
2023-03-03T00:00:00;010011804-01;Bērnu klīniskā universitātes slimnīca;4;1;4;0;1;;3;;0;;;;
2023-03-03T00:00:00;050012101-01;Daugavpils psihoneiroloģiskā slimnīca;1;0;0;1;0;0;0;0;0;0;0;0;0
2023-03-03T00:00:00;050020401-01;Daugavpils reģionālā slimnīca;12;2;7;5;;;7;1;1;;;;
2023-03-03T00:00:00;460200036-01;Dobeles un apkārtnes slimnīca;1;0;0;1;0;0;0;0;0;0;0;0;0
2023-03-03T00:00:00;110000048-01;Jēkabpils reģionālā slimnīca;2;0;2;0;0;0;2;0;0;0;0;0;
2023-03-03T00:00:00;090020301-01;Jelgavas pilsētas slimnīca;5;3;1;4;0;0;1;0;2;0;0;0;0
2023-03-03T00:00:00;130020302-01;Jūrmalas slimnīca;2;2;1;1;;;1;;;;;;
2023-03-03T00:00:00;010040307-01;Latvijas Jūras medicīnas centrs;1;1;;1;;;;;;1;1;;
2023-03-03T00:00:00;170020401-01;Liepājas reģionālā slimnīca;1;1;1;0;0;0;1;0;1;0;0;0;0
2023-03-03T00:00:00;660200027-01;Limbažu slimnīca;;;0;;0;0;0;0;;;;;
2023-03-03T00:00:00;761200001-01;Līvānu slimnīca;0;0;0;0;0;0;0;0;0;0;0;0;0
2023-03-03T00:00:00;010011803-01;Paula Stradiņa klīniskā universitātes slimnīca;40;10;14;26;2;1;12;3;0;0;0;0;0
2023-03-03T00:00:00;170010601-01;Piejūras slimnīca;0;0;;0;;;;;0;;;;
2023-03-03T00:00:00;010000234-91;RAKUS kopā;48;6;17;31;1;;16;;3;;;;
2023-03-03T00:00:00;210020301-01;Rēzeknes slimnīca;3;0;3;0;0;0;3;0;0;0;0;0;0
2023-03-03T00:00:00;010021301-01;Rīgas Dzemdību nams;1;1;;1;;;;;0;;;;
2023-03-03T00:00:00;010012202-01;Rīgas psihiatrijas un narkoloģijas centrs;1;1;0;1;0;0;;0;0;0;0;0;0
2023-03-03T00:00:00;801400002-01;Saulkrastu veselības un sociālās aprūpes centrs;0;0;0;0;0;0;0;0;0;0;0;0;0
2023-03-03T00:00:00;801600003-01;Siguldas slimnīca;0;0;0;0;0;0;0;0;0;0;0;0;0
2023-03-03T00:00:00;090012101-01;Slimnīca "Ģintermuiža";2;;;2;;;;;;;;;
2023-03-03T00:00:00;941800004-01;Strenču psihoneiroloģiskā slimnīca;8;;;8;;;;;;;;;
2023-03-03T00:00:00;010011401-01;Traumatoloģijas un ortopēdijas slimnīca;0;0;0;0;0;0;0;0;0;0;0;0;0
2023-03-03T00:00:00;900200046-01;Tukuma slimnīca;3;;3;;;;3;;;;;;
2023-03-03T00:00:00;250000092-01;Vidzemes slimnīca;16;2;9;7;0;0;9;0;1;0;0;0;0
2023-03-03T00:00:00;270020302-01;Ziemeļkurzemes reģionālā slimnīca, Ventspils;1;;1;;;;1;;;;;;
2023-03-04T00:00:00;320200001-01;Aizkraukles slimnīca;0;0;0;0;0;0;0;0;0;0;0;0;0
2023-03-04T00:00:00;360200027-01;Alūksnes slimnīca;0;0;;;;;;0;1;;;;
2023-03-04T00:00:00;400200024-01;Bauskas slimnīca;0;0;;0;;;;0;0;;;;
2023-03-04T00:00:00;010011804-01;Bērnu klīniskā universitātes slimnīca;2;0;2;0;1;;1;;2;;;;
2023-03-04T00:00:00;460200036-01;Dobeles un apkārtnes slimnīca;1;0;0;1;0;0;0;0;0;0;0;0;0
2023-03-04T00:00:00;110000048-01;Jēkabpils reģionālā slimnīca;2;0;2;0;0;0;2;0;0;0;0;0;
2023-03-04T00:00:00;090020301-01;Jelgavas pilsētas slimnīca;3;;0;3;0;0;0;1;1;0;0;0;0
2023-03-04T00:00:00;170020401-01;Liepājas reģionālā slimnīca;1;1;1;0;0;0;1;0;1;0;0;0;0
2023-03-04T00:00:00;761200001-01;Līvānu slimnīca;0;0;0;0;0;0;0;0;0;0;0;0;0
2023-03-04T00:00:00;010011803-01;Paula Stradiņa klīniskā universitātes slimnīca;38;9;14;24;2;1;12;;10;1;0;1;0
2023-03-04T00:00:00;010000234-91;RAKUS kopā;47;3;18;29;1;;17;;4;;;;
2023-03-04T00:00:00;210020301-01;Rēzeknes slimnīca;1;0;1;0;0;0;1;0;2;0;0;0;0
2023-03-04T00:00:00;010021301-01;Rīgas Dzemdību nams;0;0;;0;;;;;1;;;;
2023-03-04T00:00:00;010012202-01;Rīgas psihiatrijas un narkoloģijas centrs;2;2;0;2;0;0;0;0;1;0;0;0;0
2023-03-04T00:00:00;090012101-01;Slimnīca "Ģintermuiža";2;;;2;;;;;;;;;
2023-03-04T00:00:00;941800004-01;Strenču psihoneiroloģiskā slimnīca;10;2;;10;;;;;;;;;
2023-03-04T00:00:00;010011401-01;Traumatoloģijas un ortopēdijas slimnīca;2;2;0;2;0;0;0;0;0;0;0;0;0
2023-03-04T00:00:00;900200046-01;Tukuma slimnīca;;;;;;;;;3;;;;
2023-03-04T00:00:00;250000092-01;Vidzemes slimnīca;18;4;9;9;0;0;9;0;3;0;0;0;0
2023-03-04T00:00:00;270020302-01;Ziemeļkurzemes reģionālā slimnīca, Ventspils;1;;1;;;;1;;;;;;
2023-03-05T00:00:00;320200001-01;Aizkraukles slimnīca;0;0;0;0;0;0;0;0;0;0;0;0;0
2023-03-05T00:00:00;360200027-01;Alūksnes slimnīca;0;0;;;;;;0;1;;;;
2023-03-05T00:00:00;010011804-01;Bērnu klīniskā universitātes slimnīca;2;1;1;1;0;;1;;1;;;;
2023-03-05T00:00:00;460200036-01;Dobeles un apkārtnes slimnīca;1;0;0;1;0;0;0;0;0;0;0;0;0
2023-03-05T00:00:00;110000048-01;Jēkabpils reģionālā slimnīca;2;0;2;0;0;0;2;0;0;0;0;0;
2023-03-05T00:00:00;090020301-01;Jelgavas pilsētas slimnīca;5;3;1;4;0;0;1;1;0;0;0;0;0
2023-03-05T00:00:00;170020401-01;Liepājas reģionālā slimnīca;1;0;1;0;0;0;1;0;0;0;0;0;0
2023-03-05T00:00:00;761200001-01;Līvānu slimnīca;0;0;0;0;0;0;0;0;0;0;0;0;0
2023-03-05T00:00:00;010011803-01;Paula Stradiņa klīniskā universitātes slimnīca;33;0;11;22;2;1;9;4;1;0;0;0;0
2023-03-05T00:00:00;010000234-91;RAKUS kopā;49;2;20;29;1;;19;;;;;;
2023-03-05T00:00:00;210020301-01;Rēzeknes slimnīca;1;0;1;0;0;0;1;0;0;0;0;0;0
2023-03-05T00:00:00;010021301-01;Rīgas Dzemdību nams;1;1;;1;;;;;0;;;;
2023-03-05T00:00:00;010012202-01;Rīgas psihiatrijas un narkoloģijas centrs;2;0;0;2;0;0;0;0;0;0;0;0;0
2023-03-05T00:00:00;941800004-01;Strenču psihoneiroloģiskā slimnīca;10;;;10;;;;;;;;;
2023-03-05T00:00:00;010011401-01;Traumatoloģijas un ortopēdijas slimnīca;2;0;0;2;0;0;0;0;0;0;0;0;0
2023-03-05T00:00:00;250000092-01;Vidzemes slimnīca;18;0;9;9;0;0;9;0;0;0;0;0;0
2023-03-05T00:00:00;270020302-01;Ziemeļkurzemes reģionālā slimnīca, Ventspils;1;;1;;;;1;;;;;;
